time,feedback
4,0
8,0
12,0
16,0
20,0
24,0
28,0
32,0
36,0
40,0
44,0
48,0
52,0
56,0
60,0
64,0
68,0
72,0
76,0
80,0
84,0
88,0
92,0
96,0
100,0
104,0
108,0
112,0
116,0
120,0
124,0
128,0
132,0
136,0
140,0
144,0
148,0
152,0
156,0
160,0
164,0
168,0
172,0
176,0
180,0
184,0
188,0
192,0
196,0
200,0
204,0
208,0
212,0
216,0
220,0
224,0
228,0
232,0
236,0
240,0
244,0
248,0
252,0
256,0
260,0
264,0
268,0
272,0
276,0
280,0
284,0
288,0
292,0
296,0
300,0
304,0
308,0
312,0
316,0
320,0
324,0
328,0
332,0
336,0
340,0
344,0
348,0
352,0
356,0
360,0
364,0
368,0
372,0
376,0
380,0
384,0
388,0
392,0
396,0
400,0
404,0
408,0
412,0
416,0
420,0
424,0
428,0
432,0
436,0
440,0
444,0
448,0
452,0
456,0
460,0
464,0
468,0
472,0
476,0
480,0
484,0
488,0
492,0
496,0
500,0
504,0
508,0
512,0
516,0
520,0
524,0
528,0
532,0
536,0
540,0
544,0
548,0
552,0
556,0
560,0
564,0
568,0
572,0
576,0
580,0
584,0
588,0
592,0
596,0
600,0
604,0
608,0
612,0
616,0
620,0
624,0
628,0
632,0
636,0
640,0
644,0
648,0
652,0
656,0
660,0
664,0
668,0
672,0
676,0
680,0
684,0
688,0
692,0
696,0
700,0
704,0
708,0
712,0
716,0
720,0
724,0
728,0
732,0
736,0
740,0
744,0
748,0
752,0
756,0
760,0
764,0
768,0
772,0
776,0
780,0
784,0
788,0
792,0
796,0
800,0
804,0
808,0
812,0
816,0
820,0
824,0
828,0
832,0
836,0
840,0
844,0
848,0
852,0
856,0
860,0
864,0
868,0
872,0
876,0
880,0
884,0
888,0
892,0
896,0
900,0
904,0
908,0
912,0
916,0
920,0
924,0
928,0
932,0
936,0
940,0
944,0
948,0
952,0
956,0
960,0
964,0
968,0
972,0
976,0
980,0
984,0
988,0
992,0
996,0
1000,0
1004,0
1008,0
1012,0
1016,0
1020,0
1024,0
1028,0
1032,0
1036,0
1040,0
1044,0
1048,0
1052,0
1056,0
1060,0
1064,0
1068,0
1072,0
1076,0
1080,0
1084,0
1088,0
1092,0
1096,0
1100,0
1104,0
1108,0
1112,0
1116,0
1120,0
1124,0
1128,0
1132,0
1136,0
1140,0
1144,0
1148,0
1152,0
1156,0
1160,0
1164,0
1168,0
1172,0
1176,0
1180,0
1184,0
1188,0
1192,0
1196,0
1200,0
1204,0
1208,0
1212,0
1216,0
1220,0
1224,0
1228,0
1232,0
1236,0
1240,0
1244,0
1248,0
1252,0
1256,0
1260,0
1264,0
1268,0
1272,0
1276,0
1280,0
1284,0
1288,0
1292,0
1296,0
1300,0
1304,0
1308,0
1312,0
1316,0
1320,0
1324,0
1328,0
1332,0
1336,0
1340,0
1344,0
1348,0
1352,0
1356,0
1360,0
1364,0
1368,0
1372,0
1376,0
1380,0
1384,0
1388,0
1392,0
1396,0
1400,0
1404,0
1408,0
1412,0
1416,0
1420,0
1424,0
1428,0
1432,0
1436,0
1440,0
1444,0
1448,0
1452,0
1456,0
1460,0
1464,0
1468,0
1472,0
1476,0
1480,0
1484,0
1488,0
1492,0
1496,0
1500,0
1504,0
1508,0
1512,0
1516,0
1520,0
1524,0
1528,0
1532,0
1536,0
1540,0
1544,0
1548,0
1552,0
1556,0
1560,0
1564,0
1568,0
1572,0
1576,0
1580,0
1584,0
1588,0
1592,0
1596,0
1600,0
1604,0
1608,0
1612,0
1616,0
1620,0
1624,0
1628,0
1632,0
1636,0
1640,0
1644,0
1648,0
1652,0
1656,0
1660,0
1664,0
1668,0
1672,0
1676,0
1680,0
1684,0
1688,0
1692,0
1696,0
1700,0
1704,0
1708,0
1712,0
1716,0
1720,0
1724,0
1728,0
1732,0
1736,0
1740,0
1744,0
1748,0
1752,0
1756,0
1760,0
1764,0
1768,0
1772,0
1776,0
1780,0
1784,0
1788,0
1792,0
1796,0
1800,0
1804,0
1808,0
1812,0
1816,0
1820,0
1824,0
1828,0
1832,0
1836,0
1840,0
1844,0
1848,0
1852,0
1856,0
1860,0
1864,0
1868,0
1872,0
1876,0
1880,0
1884,0
1888,0
1892,0
1896,0
1900,0
1904,0
1908,0
1912,0
1916,0
1920,0
1924,0
1928,0
1932,0
1936,0
1940,0
1944,0
1948,0
1952,0
1956,0
1960,0
1964,0
1968,0
1972,0
1976,0
1980,0
1984,0
1988,0
1992,0
1996,0
2000,0
2004,0
2008,0
2012,0
2016,0
2020,0
2024,0
2028,0
2032,0
2036,0
2040,0
2044,0
2048,0
2052,0
2056,0
2060,0
2064,0
2068,0
2072,0
2076,0
2080,0
2084,0
2088,0
2092,0
2096,0
2100,0
2104,-1
2108,0
2112,0
2116,-1
2120,0
2124,0
2128,0
2132,-1
2136,-1
2140,-1
2144,-1
2148,0
2152,0
2156,0
2160,0
2164,0
2168,-1
2172,-1
2176,-3
2180,-4
2184,-5
2188,-4
2192,-2
2196,2
2200,7
2204,14
2208,21
2212,29
2216,36
2220,42
2224,46
2228,49
2232,49
2236,48
2240,45
2244,43
2248,41
2252,40
2256,40
2260,40
2264,41
2268,42
2272,44
2276,45
2280,46
2284,46
2288,46
2292,46
2296,46
2300,46
2304,47
2308,47
2312,48
2316,49
2320,49
2324,50
2328,50
2332,50
2336,51
2340,51
2344,51
2348,51
2352,52
2356,51
2360,52
2364,52
2368,54
2372,54
2376,55
2380,55
2384,55
2388,54
2392,52
2396,49
2400,47
2404,46
2408,48
2412,53
2416,59
2420,67
2424,74
2428,79
2432,80
2436,76
2440,67
2444,56
2448,43
2452,31
2456,23
2460,20
2464,23
2468,32
2472,43
2476,57
2480,68
2484,78
2488,81
2492,81
2496,75
2500,69
2504,60
2508,54
2512,49
2516,48
2520,49
2524,51
2528,54
2532,56
2536,58
2540,58
2544,59
2548,57
2552,57
2556,56
2560,56
2564,55
2568,56
2572,56
2576,56
2580,56
2584,56
2588,56
2592,56
2596,56
2600,56
2604,56
2608,56
2612,56
2616,56
2620,55
2624,55
2628,55
2632,55
2636,55
2640,55
2644,55
2648,55
2652,55
2656,55
2660,56
2664,56
2668,56
2672,55
2676,55
2680,55
2684,55
2688,55
2692,55
2696,56
2700,55
2704,56
2708,54
2712,52
2716,49
2720,47
2724,46
2728,47
2732,52
2736,58
2740,65
2744,72
2748,77
2752,77
2756,74
2760,66
2764,55
2768,41
2772,30
2776,21
2780,18
2784,20
2788,28
2792,39
2796,52
2800,62
2804,71
2808,75
2812,75
2816,70
2820,64
2824,56
2828,50
2832,46
2836,45
2840,46
2844,48
2848,51
2852,53
2856,55
2860,55
2864,55
2868,54
2872,54
2876,53
2880,54
2884,53
2888,54
2892,54
2896,54
2900,53
2904,51
2908,48
2912,46
2916,45
2920,46
2924,49
2928,55
2932,62
2936,68
2940,73
2944,74
2948,72
2952,64
2956,53
2960,40
2964,29
2968,20
2972,16
2976,17
2980,24
2984,34
2988,46
2992,58
2996,67
3000,72
3004,73
3008,70
3012,65
3016,58
3020,52
3024,47
3028,44
3032,43
3036,42
3040,43
3044,43
3048,45
3052,48
3056,54
3060,59
3064,65
3068,69
3072,71
3076,69
3080,63
3084,54
3088,42
3092,29
3096,19
3100,12
3104,10
3108,15
3112,25
3116,39
3120,56
3124,71
3128,83
3132,90
3136,89
3140,81
3144,68
3148,52
3152,36
3156,22
3160,13
3164,9
3168,12
3172,19
3176,30
3180,42
3184,54
3188,62
3192,68
3196,69
3200,67
3204,61
3208,55
3212,49
3216,45
3220,42
3224,42
3228,43
3232,45
3236,47
3240,49
3244,49
3248,49
3252,48
3256,48
3260,47
3264,47
3268,48
3272,48
3276,49
3280,50
3284,50
3288,48
3292,47
3296,44
3300,43
3304,42
3308,43
3312,46
3316,51
3320,57
3324,62
3328,64
3332,64
3336,60
3340,53
3344,43
3348,32
3352,21
3356,14
3360,10
3364,12
3368,19
3372,31
3376,45
3380,60
3384,72
3388,80
3392,82
3396,78
3400,68
3404,55
3408,40
3412,27
3416,15
3420,9
3424,7
3428,10
3432,18
3436,30
3440,44
3444,57
3448,68
3452,75
3456,77
3460,74
3464,65
3468,53
3472,40
3476,26
3480,16
3484,9
3488,7
3492,10
3496,17
3500,28
3504,41
3508,54
3512,66
3516,73
3520,76
3524,73
3528,65
3532,54
3536,41
3540,27
3544,16
3548,9
3552,6
3556,9
3560,15
3564,25
3568,38
3572,50
3576,62
3580,69
3584,73
3588,70
3592,63
3596,51
3600,39
3604,26
3608,17
3612,11
3616,10
3620,13
3624,20
3628,29
3632,38
3636,46
3640,52
3644,54
3648,54
3652,50
3656,45
3660,40
3664,35
3668,32
3672,31
3676,32
3680,33
3684,35
3688,36
3692,37
3696,37
3700,37
3704,35
3708,35
3712,33
3716,33
3720,33
3724,33
3728,33
3732,34
3736,34
3740,35
3744,35
3748,35
3752,35
3756,35
3760,34
3764,34
3768,33
3772,33
3776,31
3780,32
3784,31
3788,32
3792,31
3796,32
3800,31
3804,31
3808,29
3812,28
3816,27
3820,27
3824,28
3828,30
3832,33
3836,37
3840,39
3844,40
3848,39
3852,36
3856,30
3860,24
3864,17
3868,11
3872,7
3876,5
3880,8
3884,12
3888,21
3892,28
3896,38
3900,43
3904,48
3908,46
3912,43
3916,35
3920,27
3924,17
3928,10
3932,5
3936,3
3940,5
3944,8
3948,14
3952,20
3956,26
3960,30
3964,33
3968,32
3972,31
3976,27
3980,24
3984,20
3988,18
3992,15
3996,15
4000,14
4004,15
4008,14
4012,15
4016,15
4020,16
4024,17
4028,20
4032,21
4036,23
4040,23
4044,22
4048,19
4052,15
4056,10
4060,6
4064,3
4068,0
4072,1
4076,2
4080,6
4084,10
4088,16
4092,20
4096,23
4100,23
4104,23
4108,19
4112,15
4116,10
4120,5
4124,1
4128,-2
4132,-3
4136,-3
4140,-2
4144,0
4148,3
4152,8
4156,11
4160,14
4164,15
4168,15
4172,13
4176,10
4180,6
4184,2
4188,-1
4192,-4
4196,-5
4200,-6
4204,-5
4208,-3
4212,-1
4216,1
4220,3
4224,3
4228,3
4232,1
4236,0
4240,-2
4244,-2
4248,-4
4252,-3
4256,-4
4260,-3
4264,-4
4268,-5
4272,-7
4276,-9
4280,-11
4284,-12
4288,-12
4292,-11
4296,-9
4300,-7
4304,-5
4308,-4
4312,-4
4316,-5
4320,-8
4324,-11
4328,-14
4332,-17
4336,-19
4340,-20
4344,-19
4348,-19
4352,-17
4356,-16
4360,-15
4364,-15
4368,-16
4372,-15
4376,-16
4380,-16
4384,-17
4388,-17
4392,-19
4396,-21
4400,-25
4404,-29
4408,-32
4412,-34
4416,-34
4420,-33
4424,-29
4428,-24
4432,-18
4436,-13
4440,-10
4444,-10
4448,-13
4452,-18
4456,-24
4460,-31
4464,-36
4468,-41
4472,-42
4476,-42
4480,-40
4484,-37
4488,-34
4492,-32
4496,-31
4500,-31
4504,-32
4508,-33
4512,-35
4516,-36
4520,-38
4524,-38
4528,-39
4532,-39
4536,-40
4540,-40
4544,-40
4548,-40
4552,-41
4556,-41
4560,-41
4564,-41
4568,-42
4572,-42
4576,-43
4580,-43
4584,-44
4588,-45
4592,-45
4596,-46
4600,-46
4604,-47
4608,-47
4612,-48
4616,-48
4620,-48
4624,-49
4628,-49
4632,-50
4636,-50
4640,-51
4644,-51
4648,-52
4652,-53
4656,-53
4660,-53
4664,-54
4668,-54
4672,-55
4676,-56
4680,-57
4684,-57
4688,-57
4692,-56
4696,-54
4700,-51
4704,-50
4708,-48
4712,-50
4716,-54
4720,-60
4724,-68
4728,-75
4732,-80
4736,-81
4740,-78
4744,-69
4748,-58
4752,-45
4756,-33
4760,-24
4764,-21
4768,-23
4772,-31
4776,-42
4780,-56
4784,-68
4788,-77
4792,-81
4796,-82
4800,-77
4804,-70
4808,-62
4812,-55
4816,-51
4820,-49
4824,-49
4828,-51
4832,-54
4836,-56
4840,-58
4844,-57
4848,-58
4852,-56
4856,-56
4860,-54
4864,-55
4868,-54
4872,-55
4876,-54
4880,-53
4884,-51
4888,-49
4892,-46
4896,-44
4900,-43
4904,-43
4908,-46
4912,-49
4916,-54
4920,-57
4924,-60
4928,-59
4932,-55
4936,-48
4940,-39
4944,-29
4948,-21
4952,-15
4956,-13
4960,-15
4964,-20
4968,-27
4972,-35
4976,-40
4980,-45
4984,-45
4988,-44
4992,-39
4996,-33
5000,-28
5004,-22
5008,-19
5012,-16
5016,-16
5020,-15
5024,-17
5028,-17
5032,-18
5036,-18
5040,-17
5044,-16
5048,-15
5052,-11
5056,-8
5060,-4
5064,-1
5068,3
5072,5
5076,5
5080,4
5084,2
5088,-1
5092,-3
5096,-4
5100,-4
5104,0
5108,5
5112,13
5116,18
5120,26
5124,28
5128,30
5132,26
5136,23
5140,16
5144,11
5148,6
5152,5
5156,6
5160,10
5164,17
5168,24
5172,31
5176,37
5180,41
5184,43
5188,43
5192,41
5196,39
5200,37
5204,35
5208,35
5212,36
5216,38
5220,41
5224,42
5228,44
5232,44
5236,46
5240,45
5244,46
5248,46
5252,48
5256,48
5260,50
5264,51
5268,52
5272,50
5276,49
5280,47
5284,45
5288,44
5292,46
5296,51
5300,57
5304,65
5308,72
5312,77
5316,79
5320,75
5324,67
5328,56
5332,42
5336,29
5340,19
5344,13
5348,14
5352,23
5356,36
5360,55
5364,73
5368,90
5372,100
5376,104
5380,100
5384,89
5388,72
5392,54
5396,36
5400,21
5404,12
5408,8
5412,13
5416,22
5420,37
5424,55
5428,73
5432,88
5436,98
5440,100
5444,96
5448,85
5452,69
5456,51
5460,34
5464,20
5468,11
5472,8
5476,12
5480,21
5484,35
5488,53
5492,69
5496,84
5500,93
5504,97
5508,93
5512,82
5516,68
5520,51
5524,34
5528,20
5532,12
5536,8
5540,12
5544,20
5548,34
5552,50
5556,66
5560,81
5564,89
5568,93
5572,88
5576,79
5580,63
5584,48
5588,31
5592,20
5596,13
5600,13
5604,18
5608,27
5612,39
5616,51
5620,61
5624,68
5628,71
5632,70
5636,65
5640,59
5644,52
5648,47
5652,43
5656,42
5660,43
5664,45
5668,48
5672,49
5676,51
5680,50
5684,50
5688,49
5692,49
5696,48
5700,48
5704,47
5708,48
5712,48
5716,48
5720,49
5724,49
5728,49
5732,50
5736,50
5740,50
5744,50
5748,50
5752,49
5756,49
5760,48
5764,48
5768,48
5772,49
5776,48
5780,48
5784,47
5788,46
5792,43
5796,42
5800,41
5804,42
5808,46
5812,50
5816,56
5820,62
5824,66
5828,67
5832,64
5836,57
5840,48
5844,36
5848,25
5852,16
5856,11
5860,11
5864,18
5868,28
5872,43
5876,57
5880,72
5884,80
5888,84
5892,79
5896,71
5900,57
5904,42
5908,27
5912,16
5916,10
5920,10
5924,14
5928,23
5932,34
5936,45
5940,54
5944,60
5948,64
5952,62
5956,59
5960,53
5964,48
5968,42
5972,39
5976,36
5980,35
5984,34
5988,35
5992,36
5996,39
6000,42
6004,47
6008,51
6012,57
6016,60
6020,60
6024,57
6028,51
6032,42
6036,31
6040,21
6044,12
6048,8
6052,9
6056,15
6060,25
6064,39
6068,52
6072,65
6076,72
6080,76
6084,72
6088,64
6092,51
6096,37
6100,23
6104,12
6108,5
6112,3
6116,6
6120,14
6124,25
6128,38
6132,51
6136,62
6140,69
6144,71
6148,66
6152,58
6156,46
6160,33
6164,20
6168,11
6172,6
6176,6
6180,11
6184,18
6188,27
6192,36
6196,44
6200,49
6204,51
6208,50
6212,47
6216,42
6220,38
6224,34
6228,31
6232,30
6236,29
6240,29
6244,30
6248,31
6252,32
6256,35
6260,38
6264,42
6268,45
6272,46
6276,45
6280,41
6284,36
6288,28
6292,20
6296,14
6300,9
6304,9
6308,11
6312,17
6316,24
6320,32
6324,38
6328,42
6332,44
6336,43
6340,40
6344,36
6348,31
6352,27
6356,25
6360,24
6364,23
6368,24
6372,25
6376,26
6380,28
6384,30
6388,33
6392,35
6396,37
6400,37
6404,36
6408,32
6412,27
6416,21
6420,15
6424,10
6428,7
6432,7
6436,10
6440,14
6444,20
6448,26
6452,30
6456,33
6460,33
6464,32
6468,29
6472,25
6476,22
6480,19
6484,18
6488,17
6492,18
6496,19
6500,20
6504,21
6508,21
6512,20
6516,20
6520,19
6524,18
6528,17
6532,17
6536,16
6540,16
6544,16
6548,16
6552,16
6556,16
6560,16
6564,16
6568,16
6572,15
6576,15
6580,15
6584,14
6588,14
6592,13
6596,13
6600,13
6604,12
6608,12
6612,12
6616,12
6620,12
6624,12
6628,11
6632,11
6636,10
6640,10
6644,9
6648,9
6652,8
6656,8
6660,7
6664,7
6668,7
6672,6
6676,5
6680,5
6684,4
6688,4
6692,4
6696,4
6700,4
6704,5
6708,5
6712,4
6716,3
6720,2
6724,1
6728,-1
6732,-1
6736,-2
6740,-1
6744,-1
6748,0
6752,1
6756,2
6760,2
6764,1
6768,0
6772,-1
6776,-4
6780,-5
6784,-7
6788,-8
6792,-8
6796,-8
6800,-8
6804,-7
6808,-7
6812,-7
6816,-7
6820,-8
6824,-9
6828,-10
6832,-10
6836,-11
6840,-11
6844,-13
6848,-13
6852,-14
6856,-14
6860,-15
6864,-16
6868,-16
6872,-16
6876,-16
6880,-15
6884,-14
6888,-14
6892,-14
6896,-16
6900,-19
6904,-23
6908,-26
6912,-29
6916,-29
6920,-29
6924,-26
6928,-22
6932,-16
6936,-12
6940,-8
6944,-7
6948,-8
6952,-12
6956,-17
6960,-24
6964,-30
6968,-35
6972,-38
6976,-39
6980,-38
6984,-36
6988,-34
6992,-31
6996,-29
7000,-27
7004,-27
7008,-26
7012,-26
7016,-27
7020,-29
7024,-33
7028,-38
7032,-43
7036,-49
7040,-53
7044,-55
7048,-52
7052,-47
7056,-39
7060,-29
7064,-20
7068,-13
7072,-9
7076,-10
7080,-16
7084,-26
7088,-41
7092,-55
7096,-69
7100,-78
7104,-82
7108,-78
7112,-70
7116,-56
7120,-42
7124,-28
7128,-17
7132,-12
7136,-12
7140,-17
7144,-27
7148,-39
7152,-51
7156,-61
7160,-68
7164,-71
7168,-70
7172,-66
7176,-61
7180,-55
7184,-50
7188,-47
7192,-47
7196,-49
7200,-51
7204,-54
7208,-56
7212,-58
7216,-58
7220,-58
7224,-57
7228,-57
7232,-57
7236,-58
7240,-57
7244,-59
7248,-58
7252,-58
7256,-56
7260,-54
7264,-52
7268,-50
7272,-50
7276,-52
7280,-57
7284,-64
7288,-71
7292,-78
7296,-82
7300,-82
7304,-77
7308,-68
7312,-55
7316,-41
7320,-28
7324,-18
7328,-14
7332,-16
7336,-26
7340,-40
7344,-58
7348,-75
7352,-90
7356,-98
7360,-100
7364,-93
7368,-81
7372,-65
7376,-47
7380,-30
7384,-17
7388,-10
7392,-9
7396,-14
7400,-24
7404,-38
7408,-53
7412,-68
7416,-80
7420,-86
7424,-87
7428,-81
7432,-70
7436,-55
7440,-40
7444,-26
7448,-15
7452,-9
7456,-8
7460,-11
7464,-19
7468,-30
7472,-41
7476,-51
7480,-59
7484,-63
7488,-62
7492,-57
7496,-48
7500,-38
7504,-26
7508,-17
7512,-10
7516,-6
7520,-6
7524,-8
7528,-13
7532,-18
7536,-24
7540,-28
7544,-31
7548,-31
7552,-29
7556,-25
7560,-19
7564,-14
7568,-8
7572,-5
7576,-2
7580,-1
7584,-1
7588,-1
7592,-2
7596,-2
7600,-3
7604,-2
7608,-1
7612,0
7616,2
7620,3
7624,6
7628,8
7632,10
7636,11
7640,13
7644,15
7648,16
7652,18
7656,19
7660,20
7664,21
7668,22
7672,23
7676,24
7680,25
7684,26
7688,27
7692,28
7696,29
7700,31
7704,32
7708,33
7712,35
7716,36
7720,37
7724,38
7728,38
7732,39
7736,39
7740,40
7744,41
7748,43
7752,44
7756,45
7760,46
7764,47
7768,46
7772,44
7776,42
7780,41
7784,41
7788,44
7792,49
7796,55
7800,63
7804,70
7808,75
7812,75
7816,71
7820,63
7824,51
7828,38
7832,25
7836,16
7840,12
7844,15
7848,24
7852,38
7856,57
7860,75
7864,91
7868,100
7872,103
7876,97
7880,85
7884,67
7888,49
7892,31
7896,19
7900,12
7904,13
7908,20
7912,31
7916,45
7920,59
7924,70
7928,77
7932,80
7936,78
7940,74
7944,67
7948,60
7952,54
7956,50
7960,47
7964,47
7968,46
7972,47
7976,48
7980,51
7984,55
7988,61
7992,67
7996,73
8000,76
8004,76
8008,71
8012,62
8016,50
8020,37
8024,24
8028,15
8032,11
8036,13
8040,22
8044,35
8048,53
8052,69
8056,84
8060,93
8064,96
8068,90
8072,79
8076,63
8080,45
8084,28
8088,15
8092,7
8096,5
8100,10
8104,20
8108,35
8112,52
8116,68
8120,82
8124,90
8128,91
8132,85
8136,73
8140,58
8144,41
8148,25
8152,15
8156,9
8160,10
8164,17
8168,27
8172,40
8176,52
8180,62
8184,68
8188,70
8192,69
8196,64
8200,58
8204,53
8208,47
8212,44
8216,41
8220,40
8224,40
8228,41
8232,42
8236,45
8240,50
8244,56
8248,61
8252,66
8256,68
8260,67
8264,61
8268,52
8272,41
8276,30
8280,21
8284,15
8288,15
8292,20
8296,29
8300,40
8304,51
8308,60
8312,66
8316,67
8320,65
8324,61
8328,55
8332,49
8336,44
8340,41
8344,39
8348,38
8352,39
8356,40
8360,42
8364,46
8368,50
8372,56
8376,61
8380,64
8384,65
8388,63
8392,56
8396,47
8400,37
8404,26
8408,18
8412,15
8416,16
8420,21
8424,30
8428,41
8432,51
8436,59
8440,63
8444,64
8448,61
8452,56
8456,49
8460,44
8464,39
8468,38
8472,38
8476,40
8480,42
8484,44
8488,46
8492,46
8496,46
8500,45
8504,45
8508,44
8512,43
8516,43
8520,43
8524,43
8528,43
8532,43
8536,43
8540,43
8544,43
8548,43
8552,43
8556,43
8560,42
8564,42
8568,42
8572,42
8576,41
8580,41
8584,41
8588,41
8592,41
8596,41
8600,41
8604,41
8608,41
8612,41
8616,41
8620,41
8624,41
8628,40
8632,40
8636,39
8640,39
8644,39
8648,40
8652,39
8656,39
8660,37
8664,37
8668,34
8672,33
8676,33
8680,34
8684,37
8688,41
8692,46
8696,50
8700,53
8704,53
8708,50
8712,43
8716,36
8720,27
8724,19
8728,14
8732,13
8736,15
8740,21
8744,29
8748,37
8752,44
8756,49
8760,51
8764,50
8768,46
8772,41
8776,36
8780,32
8784,30
8788,29
8792,30
8796,31
8800,33
8804,33
8808,35
8812,34
8816,34
8820,32
8824,33
8828,31
8832,32
8836,31
8840,33
8844,32
8848,32
8852,30
8856,29
8860,27
8864,26
8868,25
8872,27
8876,29
8880,33
8884,37
8888,40
8892,42
8896,40
8900,38
8904,31
8908,25
8912,18
8916,13
8920,9
8924,9
8928,12
8932,18
8936,24
8940,31
8944,35
8948,39
8952,39
8956,37
8960,34
8964,29
8968,26
8972,22
8976,21
8980,19
8984,20
8988,19
8992,21
8996,21
9000,23
9004,24
9008,27
9012,29
9016,31
9020,31
9024,30
9028,26
9032,22
9036,16
9040,11
9044,6
9048,3
9052,3
9056,5
9060,10
9064,16
9068,24
9072,29
9076,34
9080,34
9084,34
9088,28
9092,23
9096,14
9100,9
9104,3
9108,1
9112,0
9116,2
9120,6
9124,11
9128,16
9132,19
9136,21
9140,22
9144,21
9148,18
9152,15
9156,11
9160,9
9164,7
9168,6
9172,7
9176,8
9180,8
9184,9
9188,9
9192,10
9196,8
9200,8
9204,7
9208,7
9212,6
9216,6
9220,5
9224,6
9228,5
9232,5
9236,3
9240,4
9244,3
9248,3
9252,3
9256,4
9260,4
9264,4
9268,4
9272,3
9276,1
9280,-1
9284,-4
9288,-7
9292,-8
9296,-9
9300,-9
9304,-7
9308,-5
9312,-2
9316,1
9320,3
9324,4
9328,2
9332,0
9336,-5
9340,-9
9344,-14
9348,-16
9352,-18
9356,-18
9360,-16
9364,-13
9368,-9
9372,-5
9376,-2
9380,0
9384,0
9388,-2
9392,-6
9396,-11
9400,-17
9404,-22
9408,-27
9412,-29
9416,-29
9420,-27
9424,-23
9428,-17
9432,-12
9436,-7
9440,-3
9444,-3
9448,-4
9452,-9
9456,-15
9460,-23
9464,-31
9468,-37
9472,-42
9476,-43
9480,-41
9484,-36
9488,-29
9492,-21
9496,-14
9500,-8
9504,-5
9508,-6
9512,-9
9516,-16
9520,-25
9524,-35
9528,-45
9532,-52
9536,-56
9540,-55
9544,-51
9548,-43
9552,-34
9556,-23
9560,-16
9564,-11
9568,-10
9572,-13
9576,-20
9580,-28
9584,-37
9588,-46
9592,-51
9596,-55
9600,-55
9604,-53
9608,-49
9612,-44
9616,-41
9620,-38
9624,-37
9628,-38
9632,-40
9636,-42
9640,-44
9644,-46
9648,-46
9652,-47
9656,-47
9660,-47
9664,-47
9668,-47
9672,-47
9676,-48
9680,-48
9684,-49
9688,-49
9692,-50
9696,-51
9700,-51
9704,-52
9708,-53
9712,-53
9716,-54
9720,-53
9724,-54
9728,-54
9732,-55
9736,-54
9740,-55
9744,-55
9748,-55
9752,-54
9756,-52
9760,-50
9764,-48
9768,-48
9772,-50
9776,-55
9780,-62
9784,-70
9788,-76
9792,-81
9796,-81
9800,-77
9804,-69
9808,-57
9812,-43
9816,-30
9820,-20
9824,-15
9828,-16
9832,-25
9836,-38
9840,-57
9844,-74
9848,-91
9852,-101
9856,-105
9860,-99
9864,-89
9868,-71
9872,-53
9876,-35
9880,-22
9884,-15
9888,-14
9892,-20
9896,-30
9900,-43
9904,-56
9908,-68
9912,-75
9916,-78
9920,-76
9924,-72
9928,-64
9932,-58
9936,-51
9940,-47
9944,-43
9948,-43
9952,-42
9956,-43
9960,-43
9964,-45
9968,-47
9972,-51
9976,-54
9980,-58
9984,-60
9988,-60
9992,-57
9996,-52
10000,-43
10004,-33
10008,-23
10012,-16
10016,-11
10020,-10
10024,-13
10028,-19
10032,-29
10036,-37
10040,-46
10044,-51
10048,-54
10052,-51
10056,-46
10060,-37
10064,-28
10068,-19
10072,-11
10076,-6
10080,-3
10084,-2
10088,-3
10092,-5
10096,-9
10100,-12
10104,-15
10108,-17
10112,-19
10116,-19
10120,-18
10124,-15
10128,-13
10132,-8
10136,-4
10140,0
10144,4
10148,8
10152,10
10156,12
10160,13
10164,12
10168,12
10172,10
10176,10
10180,9
10184,11
10188,12
10192,14
10196,15
10200,17
10204,17
10208,19
10212,19
10216,22
10220,25
10224,31
10228,36
10232,42
10236,45
10240,46
10244,43
10248,38
10252,30
10256,22
10260,15
10264,11
10268,11
10272,14
10276,22
10280,32
10284,43
10288,52
10292,58
10296,61
10300,62
10304,59
10308,55
10312,51
10316,47
10320,44
10324,42
10328,42
10332,41
10336,42
10340,43
10344,46
10348,50
10352,57
10356,65
10360,72
10364,77
10368,78
10372,75
10376,67
10380,55
10384,42
10388,30
10392,21
10396,18
10400,20
10404,28
10408,40
10412,54
10416,66
10420,76
10424,80
10428,81
10432,77
10436,70
10440,62
10444,56
10448,51
10452,49
10456,49
10460,51
10464,54
10468,56
10472,58
10476,58
10480,59
10484,58
10488,57
10492,56
10496,56
10500,55
10504,56
10508,56
10512,55
10516,55
10520,55
10524,55
10528,55
10532,55
10536,55
10540,54
10544,54
10548,54
10552,53
10556,53
10560,53
10564,53
10568,53
10572,53
10576,53
10580,53
10584,53
10588,53
10592,53
10596,53
10600,52
10604,52
10608,52
10612,51
10616,51
10620,51
10624,52
10628,51
10632,52
10636,52
10640,52
10644,50
10648,49
10652,46
10656,44
10660,43
10664,45
10668,49
10672,54
10676,61
10680,67
10684,71
10688,71
10692,68
10696,60
10700,50
10704,37
10708,27
10712,20
10716,18
10720,20
10724,28
10728,38
10732,50
10736,60
10740,67
10744,70
10748,70
10752,65
10756,59
10760,51
10764,46
10768,42
10772,41
10776,42
10780,44
10784,47
10788,48
10792,50
10796,49
10800,50
10804,48
10808,49
10812,48
10816,49
10820,49
10824,50
10828,50
10832,50
10836,48
10840,47
10844,44
10848,42
10852,41
10856,42
10860,46
10864,51
10868,58
10872,63
10876,67
10880,67
10884,64
10888,56
10892,46
10896,34
10900,25
10904,18
10908,16
10912,19
10916,26
10920,36
10924,48
10928,57
10932,64
10936,67
10940,67
10944,63
10948,57
10952,51
10956,45
10960,42
10964,39
10968,39
10972,37
10976,39
10980,39
10984,42
10988,45
10992,50
10996,55
11000,60
11004,63
11008,64
11012,60
11016,54
11020,44
11024,33
11028,22
11032,14
11036,10
11040,10
11044,17
11048,27
11052,41
11056,55
11060,69
11064,76
11068,80
11072,75
11076,67
11080,53
11084,39
11088,25
11092,15
11096,9
11100,9
11104,14
11108,22
11112,32
11116,43
11120,52
11124,58
11128,60
11132,59
11136,55
11140,49
11144,43
11148,39
11152,35
11156,34
11160,35
11164,37
11168,39
11172,40
11176,42
11180,41
11184,42
11188,40
11192,41
11196,39
11200,40
11204,40
11208,41
11212,41
11216,41
11220,39
11224,38
11228,36
11232,34
11236,33
11240,34
11244,36
11248,40
11252,45
11256,49
11260,52
11264,52
11268,50
11272,44
11276,36
11280,27
11284,18
11288,10
11292,7
11296,7
11300,12
11304,20
11308,32
11312,44
11316,55
11320,62
11324,65
11328,63
11332,56
11336,46
11340,34
11344,22
11348,12
11352,6
11356,3
11360,5
11364,10
11368,19
11372,29
11376,40
11380,50
11384,57
11388,59
11392,57
11396,51
11400,42
11404,32
11408,20
11412,12
11416,5
11420,3
11424,4
11428,8
11432,16
11436,26
11440,35
11444,44
11448,50
11452,52
11456,51
11460,45
11464,37
11468,28
11472,18
11476,11
11480,5
11484,3
11488,3
11492,7
11496,14
11500,22
11504,30
11508,38
11512,43
11516,46
11520,45
11524,40
11528,33
11532,25
11536,17
11540,10
11544,6
11548,4
11552,5
11556,9
11560,14
11564,20
11568,25
11572,29
11576,31
11580,31
11584,30
11588,26
11592,23
11596,20
11600,18
11604,17
11608,17
11612,17
11616,18
11620,19
11624,20
11628,20
11632,19
11636,18
11640,18
11644,17
11648,16
11652,15
11656,15
11660,15
11664,15
11668,15
11672,15
11676,15
11680,15
11684,14
11688,14
11692,13
11696,12
11700,12
11704,11
11708,11
11712,10
11716,10
11720,10
11724,10
11728,10
11732,11
11736,10
11740,11
11744,10
11748,9
11752,8
11756,8
11760,7
11764,6
11768,6
11772,6
11776,6
11780,7
11784,6
11788,6
11792,6
11796,5
11800,4
11804,3
11808,2
11812,1
11816,-1
11820,-2
11824,-2
11828,-3
11832,-2
11836,-2
11840,-1
11844,-1
11848,0
11852,1
11856,1
11860,1
11864,1
11868,0
11872,-2
11876,-3
11880,-5
11884,-7
11888,-8
11892,-9
11896,-9
11900,-9
11904,-9
11908,-9
11912,-9
11916,-9
11920,-9
11924,-9
11928,-10
11932,-9
11936,-10
11940,-10
11944,-12
11948,-13
11952,-16
11956,-19
11960,-22
11964,-23
11968,-24
11972,-22
11976,-20
11980,-15
11984,-11
11988,-6
11992,-3
11996,-2
12000,-3
12004,-6
12008,-12
12012,-20
12016,-27
12020,-35
12024,-40
12028,-43
12032,-42
12036,-38
12040,-31
12044,-24
12048,-16
12052,-9
12056,-4
12060,-2
12064,-4
12068,-9
12072,-18
12076,-28
12080,-39
12084,-49
12088,-56
12092,-60
12096,-58
12100,-52
12104,-42
12108,-32
12112,-21
12116,-13
12120,-8
12124,-7
12128,-11
12132,-18
12136,-27
12140,-37
12144,-45
12148,-51
12152,-54
12156,-54
12160,-52
12164,-49
12168,-45
12172,-42
12176,-39
12180,-37
12184,-37
12188,-36
12192,-37
12196,-38
12200,-40
12204,-44
12208,-50
12212,-56
12216,-63
12220,-67
12224,-69
12228,-66
12232,-59
12236,-49
12240,-38
12244,-27
12248,-19
12252,-16
12256,-18
12260,-25
12264,-35
12268,-48
12272,-59
12276,-68
12280,-73
12284,-74
12288,-71
12292,-67
12296,-61
12300,-55
12304,-51
12308,-48
12312,-47
12316,-46
12320,-47
12324,-47
12328,-50
12332,-54
12336,-61
12340,-68
12344,-75
12348,-80
12352,-82
12356,-79
12360,-71
12364,-60
12368,-46
12372,-34
12376,-24
12380,-19
12384,-21
12388,-28
12392,-40
12396,-53
12400,-66
12404,-77
12408,-82
12412,-83
12416,-79
12420,-72
12424,-64
12428,-56
12432,-51
12436,-48
12440,-48
12444,-50
12448,-52
12452,-55
12456,-56
12460,-57
12464,-57
12468,-56
12472,-56
12476,-55
12480,-54
12484,-53
12488,-53
12492,-52
12496,-52
12500,-51
12504,-51
12508,-50
12512,-49
12516,-49
12520,-48
12524,-48
12528,-47
12532,-47
12536,-46
12540,-45
12544,-44
12548,-43
12552,-42
12556,-41
12560,-40
12564,-39
12568,-38
12572,-36
12576,-36
12580,-35
12584,-34
12588,-33
12592,-32
12596,-32
12600,-31
12604,-30
12608,-29
12612,-28
12616,-27
12620,-26
12624,-25
12628,-23
12632,-22
12636,-20
12640,-19
12644,-17
12648,-15
12652,-14
12656,-13
12660,-11
12664,-10
12668,-9
12672,-8
12676,-7
12680,-6
12684,-5
12688,-4
12692,-3
12696,-2
12700,0
12704,2
12708,5
12712,7
12716,9
12720,11
12724,12
12728,13
12732,14
12736,14
12740,14
12744,15
12748,15
12752,16
12756,17
12760,19
12764,21
12768,23
12772,24
12776,26
12780,27
12784,29
12788,29
12792,31
12796,32
12800,33
12804,34
12808,36
12812,37
12816,38
12820,37
12824,36
12828,35
12832,34
12836,33
12840,35
12844,40
12848,46
12852,54
12856,61
12860,67
12864,68
12868,67
12872,60
12876,50
12880,38
12884,28
12888,20
12892,17
12896,19
12900,26
12904,37
12908,50
12912,61
12916,70
12920,75
12924,76
12928,73
12932,68
12936,62
12940,56
12944,52
12948,49
12952,48
12956,46
12960,47
12964,47
12968,50
12972,54
12976,61
12980,68
12984,75
12988,79
12992,81
12996,78
13000,71
13004,59
13008,45
13012,32
13016,20
13020,14
13024,13
13028,20
13032,32
13036,49
13040,67
13044,85
13048,96
13052,102
13056,98
13060,88
13064,72
13068,54
13072,36
13076,22
13080,14
13084,12
13088,17
13092,27
13096,39
13100,53
13104,65
13108,73
13112,77
13116,76
13120,72
13124,65
13128,57
13132,51
13136,46
13140,45
13144,45
13148,47
13152,50
13156,51
13160,53
13164,53
13168,53
13172,51
13176,51
13180,50
13184,51
13188,51
13192,52
13196,52
13200,52
13204,51
13208,49
13212,47
13216,45
13220,43
13224,44
13228,47
13232,52
13236,58
13240,64
13244,69
13248,70
13252,68
13256,61
13260,51
13264,39
13268,27
13272,17
13276,10
13280,9
13284,15
13288,25
13292,40
13296,56
13300,71
13304,82
13308,89
13312,87
13316,80
13320,67
13324,52
13328,35
13332,21
13336,11
13340,6
13344,7
13348,13
13352,25
13356,40
13360,56
13364,71
13368,82
13372,87
13376,86
13380,79
13384,67
13388,52
13392,36
13396,22
13400,11
13404,6
13408,6
13412,12
13416,23
13420,37
13424,53
13428,67
13432,78
13436,84
13440,84
13444,78
13448,67
13452,52
13456,36
13460,23
13464,12
13468,7
13472,7
13476,12
13480,22
13484,35
13488,51
13492,65
13496,76
13500,82
13504,83
13508,76
13512,65
13516,51
13520,36
13524,23
13528,14
13532,10
13536,11
13540,17
13544,26
13548,37
13552,48
13556,56
13560,61
13564,63
13568,61
13572,56
13576,51
13580,45
13584,41
13588,38
13592,38
13596,39
13600,41
13604,43
13608,44
13612,44
13616,44
13620,44
13624,43
13628,42
13632,42
13636,42
13640,42
13644,42
13648,42
13652,43
13656,43
13660,43
13664,43
13668,43
13672,43
13676,43
13680,42
13684,42
13688,41
13692,41
13696,40
13700,41
13704,40
13708,41
13712,40
13716,41
13720,40
13724,39
13728,37
13732,36
13736,35
13740,36
13744,39
13748,42
13752,46
13756,50
13760,53
13764,53
13768,51
13772,46
13776,38
13780,29
13784,20
13788,14
13792,10
13796,10
13800,15
13804,23
13808,34
13812,45
13816,56
13820,62
13824,65
13828,62
13832,56
13836,45
13840,34
13844,22
13848,14
13852,9
13856,8
13860,11
13864,18
13868,25
13872,34
13876,41
13880,45
13884,48
13888,47
13892,44
13896,39
13900,35
13904,31
13908,28
13912,26
13916,26
13920,25
13924,26
13928,26
13932,28
13936,29
13940,33
13944,35
13948,40
13952,42
13956,44
13960,42
13964,39
13968,33
13972,26
13976,19
13980,12
13984,8
13988,7
13992,9
13996,14
14000,22
14004,31
14008,40
14012,46
14016,49
14020,48
14024,45
14028,38
14032,29
14036,20
14040,12
14044,7
14048,3
14052,3
14056,6
14060,11
14064,19
14068,26
14072,34
14076,40
14080,44
14084,43
14088,40
14092,33
14096,26
14100,17
14104,11
14108,5
14112,3
14116,4
14120,7
14124,11
14128,17
14132,22
14136,25
14140,28
14144,28
14148,27
14152,23
14156,21
14160,17
14164,15
14168,13
14172,14
14176,13
14180,13
14184,12
14188,13
14192,12
14196,13
14200,14
14204,16
14208,18
14212,19
14216,20
14220,18
14224,17
14228,12
14232,9
14236,4
14240,2
14244,0
14248,0
14252,1
14256,5
14260,8
14264,11
14268,14
14272,15
14276,14
14280,12
14284,10
14288,7
14292,6
14296,4
14300,4
14304,3
14308,4
14312,2
14316,2
14320,1
14324,0
14328,0
14332,0
14336,1
14340,2
14344,4
14348,5
14352,5
14356,4
14360,2
14364,-1
14368,-3
14372,-6
14376,-8
14380,-9
14384,-8
14388,-8
14392,-5
14396,-4
14400,-2
14404,-2
14408,-2
14412,-3
14416,-5
14420,-6
14424,-8
14428,-9
14432,-10
14436,-9
14440,-10
14444,-10
14448,-11
14452,-10
14456,-12
14460,-12
14464,-13
14468,-13
14472,-14
14476,-14
14480,-14
14484,-15
14488,-15
14492,-15
14496,-16
14500,-16
14504,-17
14508,-17
14512,-18
14516,-18
14520,-19
14524,-20
14528,-20
14532,-21
14536,-21
14540,-21
14544,-22
14548,-22
14552,-22
14556,-23
14560,-23
14564,-24
14568,-24
14572,-25
14576,-26
14580,-26
14584,-27
14588,-28
14592,-29
14596,-30
14600,-31
14604,-31
14608,-32
14612,-31
14616,-30
14620,-28
14624,-28
14628,-28
14632,-29
14636,-33
14640,-38
14644,-44
14648,-49
14652,-53
14656,-53
14660,-51
14664,-45
14668,-37
14672,-28
14676,-21
14680,-16
14684,-15
14688,-18
14692,-25
14696,-34
14700,-44
14704,-52
14708,-59
14712,-61
14716,-61
14720,-57
14724,-53
14728,-47
14732,-44
14736,-41
14740,-41
14744,-43
14748,-45
14752,-48
14756,-49
14760,-51
14764,-51
14768,-52
14772,-51
14776,-52
14780,-51
14784,-52
14788,-52
14792,-54
14796,-54
14800,-55
14804,-53
14808,-52
14812,-49
14816,-47
14820,-47
14824,-48
14828,-53
14832,-60
14836,-68
14840,-75
14844,-81
14848,-81
14852,-78
14856,-69
14860,-58
14864,-44
14868,-33
14872,-24
14876,-22
14880,-24
14884,-33
14888,-45
14892,-58
14896,-70
14900,-79
14904,-83
14908,-82
14912,-78
14916,-71
14920,-64
14924,-57
14928,-52
14932,-49
14936,-48
14940,-47
14944,-49
14948,-49
14952,-53
14956,-57
14960,-63
14964,-69
14968,-75
14972,-78
14976,-79
14980,-75
14984,-67
14988,-56
14992,-42
14996,-30
15000,-20
15004,-14
15008,-15
15012,-22
15016,-33
15020,-49
15024,-64
15028,-79
15032,-86
15036,-89
15040,-83
15044,-74
15048,-58
15052,-43
15056,-28
15060,-18
15064,-11
15068,-11
15072,-16
15076,-24
15080,-33
15084,-43
15088,-50
15092,-55
15096,-56
15100,-53
15104,-48
15108,-41
15112,-34
15116,-29
15120,-25
15124,-23
15128,-23
15132,-24
15136,-25
15140,-25
15144,-25
15148,-24
15152,-23
15156,-21
15160,-21
15164,-18
15168,-18
15172,-15
15176,-15
15180,-12
15184,-11
15188,-8
15192,-7
15196,-5
15200,-5
15204,-5
15208,-6
15212,-6
15216,-4
15220,-3
15224,0
15228,4
15232,8
15236,11
15240,14
15244,15
15248,14
15252,11
15256,8
15260,4
15264,1
15268,-1
15272,1
15276,5
15280,14
15284,22
15288,33
15292,41
15296,48
15300,49
15304,47
15308,41
15312,33
15316,23
15320,13
15324,7
15328,4
15332,5
15336,12
15340,22
15344,36
15348,50
15352,63
15356,72
15360,77
15364,75
15368,68
15372,56
15376,42
15380,28
15384,16
15388,8
15392,6
15396,9
15400,18
15404,33
15408,50
15412,67
15416,82
15420,92
15424,96
15428,92
15432,82
15436,67
15440,50
15444,33
15448,19
15452,10
15456,7
15460,12
15464,22
15468,38
15472,57
15476,75
15480,91
15484,100
15488,103
15492,97
15496,85
15500,68
15504,50
15508,32
15512,20
15516,13
15520,14
15524,21
15528,32
15532,46
15536,60
15540,71
15544,79
15548,81
15552,79
15556,73
15560,66
15564,58
15568,52
15572,48
15576,47
15580,48
15584,50
15588,53
15592,55
15596,56
15600,56
15604,56
15608,55
15612,55
15616,54
15620,54
15624,53
15628,54
15632,53
15636,53
15640,53
15644,53
15648,53
15652,53
15656,53
15660,53
15664,52
15668,52
15672,52
15676,52
15680,51
15684,52
15688,52
15692,53
15696,52
15700,52
15704,51
15708,49
15712,46
15716,45
15720,44
15724,45
15728,49
15732,54
15736,60
15740,66
15744,70
15748,71
15752,67
15756,60
15760,50
15764,38
15768,26
15772,17
15776,12
15780,13
15784,20
15788,31
15792,47
15796,61
15800,76
15804,84
15808,89
15812,84
15816,75
15820,60
15824,45
15828,30
15832,19
15836,12
15840,12
15844,17
15848,26
15852,37
15856,48
15860,58
15864,65
15868,68
15872,67
15876,63
15880,57
15884,52
15888,47
15892,44
15896,41
15900,40
15904,39
15908,40
15912,41
15916,43
15920,46
15924,52
15928,57
15932,63
15936,66
15940,68
15944,65
15948,59
15952,49
15956,38
15960,27
15964,17
15968,12
15972,11
15976,17
15980,26
15984,41
15988,55
15992,70
15996,79
16000,84
16004,81
16008,74
16012,61
16016,46
16020,31
16024,19
16028,10
16032,7
16036,9
16040,16
16044,27
16048,41
16052,56
16056,69
16060,77
16064,81
16068,78
16072,70
16076,57
16080,43
16084,28
16088,18
16092,11
16096,10
16100,14
16104,22
16108,32
16112,43
16116,52
16120,58
16124,61
16128,60
16132,57
16136,52
16140,47
16144,41
16148,38
16152,36
16156,36
16160,35
16164,36
16168,36
16172,38
16176,41
16180,45
16184,50
16188,54
16192,57
16196,57
16200,54
16204,48
16208,40
16212,30
16216,21
16220,14
16224,12
16228,14
16232,20
16236,28
16240,38
16244,47
16248,53
16252,56
16256,56
16260,52
16264,47
16268,42
16272,37
16276,34
16280,32
16284,32
16288,31
16292,32
16296,32
16300,34
16304,37
16308,40
16312,44
16316,48
16320,50
16324,50
16328,47
16332,41
16336,34
16340,25
16344,18
16348,12
16352,10
16356,12
16360,17
16364,24
16368,33
16372,40
16376,46
16380,48
16384,47
16388,44
16392,39
16396,34
16400,30
16404,27
16408,26
16412,27
16416,28
16420,31
16424,31
16428,33
16432,32
16436,32
16440,31
16444,31
16448,30
16452,30
16456,29
16460,30
16464,30
16468,29
16472,29
16476,29
16480,29
16484,29
16488,29
16492,28
16496,28
16500,28
16504,28
16508,28
16512,28
16516,27
16520,27
16524,27
16528,27
16532,27
16536,26
16540,26
16544,26
16548,26
16552,26
16556,25
16560,25
16564,24
16568,24
16572,23
16576,23
16580,23
16584,23
16588,23
16592,22
16596,22
16600,21
16604,20
16608,19
16612,18
16616,18
16620,18
16624,20
16628,21
16632,24
16636,25
16640,26
16644,26
16648,24
16652,20
16656,16
16660,11
16664,8
16668,5
16672,4
16676,5
16680,8
16684,12
16688,16
16692,19
16696,21
16700,22
16704,21
16708,18
16712,16
16716,13
16720,10
16724,9
16728,8
16732,9
16736,9
16740,10
16744,10
16748,10
16752,10
16756,10
16760,9
16764,9
16768,8
16772,8
16776,8
16780,7
16784,7
16788,7
16792,6
16796,6
16800,6
16804,5
16808,5
16812,6
16816,6
16820,6
16824,5
16828,5
16832,4
16836,3
16840,2
16844,2
16848,1
16852,0
16856,0
16860,0
16864,0
16868,0
16872,-1
16876,-1
16880,-2
16884,-2
16888,-3
16892,-4
16896,-4
16900,-5
16904,-5
16908,-6
16912,-6
16916,-6
16920,-6
16924,-6
16928,-5
16932,-5
16936,-6
16940,-7
16944,-8
16948,-10
16952,-12
16956,-15
16960,-16
16964,-17
16968,-17
16972,-15
16976,-12
16980,-9
16984,-6
16988,-3
16992,-2
16996,-2
17000,-5
17004,-9
17008,-15
17012,-21
17016,-28
17020,-32
17024,-34
17028,-33
17032,-30
17036,-25
17040,-19
17044,-12
17048,-8
17052,-5
17056,-6
17060,-8
17064,-13
17068,-19
17072,-25
17076,-30
17080,-34
17084,-36
17088,-36
17092,-34
17096,-32
17100,-29
17104,-27
17108,-26
17112,-27
17116,-28
17120,-30
17124,-32
17128,-33
17132,-35
17136,-35
17140,-36
17144,-36
17148,-36
17152,-36
17156,-37
17160,-38
17164,-39
17168,-39
17172,-40
17176,-39
17180,-38
17184,-36
17188,-35
17192,-35
17196,-37
17200,-41
17204,-46
17208,-53
17212,-58
17216,-62
17220,-62
17224,-58
17228,-51
17232,-41
17236,-30
17240,-20
17244,-13
17248,-10
17252,-12
17256,-21
17260,-33
17264,-50
17268,-66
17272,-80
17276,-89
17280,-91
17284,-87
17288,-76
17292,-61
17296,-45
17300,-29
17304,-16
17308,-9
17312,-8
17316,-13
17320,-24
17324,-40
17328,-58
17332,-76
17336,-90
17340,-99
17344,-100
17348,-95
17352,-82
17356,-66
17360,-48
17364,-31
17368,-17
17372,-10
17376,-9
17380,-14
17384,-27
17388,-43
17392,-62
17396,-80
17400,-94
17404,-103
17408,-104
17412,-97
17416,-84
17420,-67
17424,-48
17428,-31
17432,-17
17436,-10
17440,-9
17444,-15
17448,-28
17452,-44
17456,-62
17460,-80
17464,-93
17468,-100
17472,-100
17476,-92
17480,-78
17484,-61
17488,-43
17492,-28
17496,-17
17500,-12
17504,-14
17508,-22
17512,-33
17516,-45
17520,-57
17524,-67
17528,-72
17532,-73
17536,-70
17540,-64
17544,-56
17548,-49
17552,-44
17556,-40
17560,-39
17564,-40
17568,-41
17572,-43
17576,-44
17580,-44
17584,-43
17588,-42
17592,-40
17596,-39
17600,-38
17604,-37
17608,-36
17612,-35
17616,-34
17620,-33
17624,-32
17628,-30
17632,-29
17636,-28
17640,-27
17644,-26
17648,-25
17652,-24
17656,-24
17660,-23
17664,-22
17668,-21
17672,-20
17676,-18
17680,-17
17684,-14
17688,-13
17692,-11
17696,-10
17700,-8
17704,-7
17708,-6
17712,-5
17716,-3
17720,-1
17724,1
17728,3
17732,5
17736,7
17740,7
17744,7
17748,6
17752,4
17756,3
17760,2
17764,2
17768,4
17772,8
17776,14
17780,21
17784,28
17788,34
17792,39
17796,39
17800,37
17804,31
17808,25
17812,17
17816,12
17820,9
17824,9
17828,12
17832,19
17836,27
17840,35
17844,42
17848,47
17852,51
17856,51
17860,50
17864,46
17868,44
17872,41
17876,40
17880,38
17884,38
17888,37
17892,38
17896,39
17900,42
17904,47
17908,54
17912,61
17916,68
17920,72
17924,74
17928,70
17932,63
17936,52
17940,40
17944,27
17948,18
17952,13
17956,14
17960,22
17964,35
17968,53
17972,71
17976,87
17980,98
17984,102
17988,98
17992,88
17996,72
18000,54
18004,35
18008,21
18012,11
18016,8
18020,12
18024,22
18028,38
18032,56
18036,74
18040,91
18044,100
18048,104
18052,98
18056,87
18060,69
18064,51
18068,33
18072,20
18076,13
18080,13
18084,19
18088,30
18092,44
18096,57
18100,69
18104,76
18108,79
18112,78
18116,73
18120,66
18124,59
18128,53
18132,49
18136,45
18140,45
18144,44
18148,45
18152,46
18156,49
18160,53
18164,59
18168,65
18172,71
18176,74
18180,73
18184,69
18188,60
18192,49
18196,36
18200,26
18204,18
18208,16
18212,19
18216,27
18220,38
18224,51
18228,61
18232,69
18236,72
18240,71
18244,67
18248,61
18252,55
18256,49
18260,45
18264,42
18268,42
18272,41
18276,42
18280,43
18284,46
18288,50
18292,56
18296,62
18300,67
18304,69
18308,68
18312,64
18316,55
18320,45
18324,33
18328,23
18332,16
18336,15
18340,19
18344,27
18348,38
18352,50
18356,59
18360,67
18364,69
18368,68
18372,63
18376,56
18380,50
18384,44
18388,41
18392,41
18396,42
18400,44
18404,48
18408,49
18412,51
18416,51
18420,51
18424,49
18428,49
18432,48
18436,48
18440,47
18444,47
18448,47
18452,47
18456,47
18460,47
18464,47
18468,47
18472,47
18476,47
18480,47
18484,47
18488,47
18492,47
18496,47
18500,47
18504,47
18508,47
18512,47
18516,47
18520,47
18524,47
18528,47
18532,47
18536,47
18540,47
18544,47
18548,47
18552,47
18556,46
18560,47
18564,47
18568,47
18572,47
18576,46
18580,45
18584,44
18588,42
18592,40
18596,38
18600,39
18604,41
18608,45
18612,50
18616,56
18620,60
18624,61
18628,59
18632,53
18636,45
18640,35
18644,25
18648,17
18652,13
18656,14
18660,19
18664,27
18668,37
18672,47
18676,55
18680,59
18684,60
18688,57
18692,52
18696,46
18700,41
18704,37
18708,35
18712,34
18716,36
18720,38
18724,40
18728,41
18732,42
18736,42
18740,41
18744,41
18748,40
18752,41
18756,40
18760,41
18764,40
18768,40
18772,39
18776,38
18780,35
18784,34
18788,33
18792,34
18796,37
18800,41
18804,46
18808,51
18812,54
18816,54
18820,52
18824,46
18828,38
18832,29
18836,21
18840,15
18844,13
18848,14
18852,20
18856,27
18860,36
18864,44
18868,49
18872,52
18876,52
18880,49
18884,44
18888,40
18892,35
18896,32
18900,29
18904,28
18908,27
18912,28
18916,29
18920,31
18924,34
18928,38
18932,42
18936,46
18940,48
18944,49
18948,45
18952,40
18956,33
18960,25
18964,17
18968,11
18972,8
18976,9
18980,14
18984,22
18988,33
18992,42
18996,51
19000,55
19004,57
19008,52
19012,46
19016,35
19020,26
19024,16
19028,10
19032,6
19036,7
19040,11
19044,17
19048,24
19052,31
19056,36
19060,40
19064,40
19068,38
19072,35
19076,31
19080,27
19084,24
19088,22
19092,21
19096,22
19100,23
19104,25
19108,25
19112,26
19116,26
19120,26
19124,24
19128,25
19132,23
19136,24
19140,22
19144,23
19148,22
19152,22
19156,20
19160,20
19164,18
19168,18
19172,18
19176,19
19180,21
19184,23
19188,26
19192,27
19196,27
19200,26
19204,23
19208,19
19212,14
19216,9
19220,5
19224,3
19228,3
19232,5
19236,9
19240,14
19244,21
19248,25
19252,29
19256,28
19260,27
19264,22
19268,17
19272,10
19276,5
19280,0
19284,-2
19288,-2
19292,0
19296,4
19300,8
19304,13
19308,18
19312,21
19316,22
19320,21
19324,18
19328,13
19332,8
19336,3
19340,-1
19344,-4
19348,-5
19352,-4
19356,-1
19360,3
19364,6
19368,10
19372,13
19376,14
19380,13
19384,11
19388,7
19392,2
19396,-3
19400,-7
19404,-9
19408,-10
19412,-9
19416,-6
19420,-3
19424,1
19428,4
19432,6
19436,7
19440,6
19444,4
19448,-1
19452,-5
19456,-10
19460,-13
19464,-16
19468,-15
19472,-15
19476,-11
19480,-8
19484,-4
19488,-1
19492,0
19496,0
