x-axis,1,2
second,Volt,Volt
-60.800E-06,-1.329145618E+00,-440.903127E-03
-60.700E-06,-1.027638078E+00,-440.903127E-03
-60.600E-06,-1.530150644E+00,-440.903127E-03
-60.500E-06,-1.027638078E+00,+363.116980E-03
-60.400E-06,-1.027638078E+00,-440.903127E-03
-60.300E-06,-1.027638078E+00,-440.903127E-03
-60.200E-06,-1.831658185E+00,-440.903127E-03
-60.100E-06,-1.329145618E+00,-440.903127E-03
-60.000E-06,-1.027638078E+00,-440.903127E-03
-59.900E-06,-1.329145618E+00,-440.903127E-03
-59.800E-06,-1.530150644E+00,+61.609440E-03
-59.700E-06,-1.329145618E+00,+61.609440E-03
-59.600E-06,-1.027638078E+00,-440.903127E-03
-59.500E-06,-1.027638078E+00,-943.415694E-03
-59.400E-06,-1.831658185E+00,-440.903127E-03
-59.300E-06,-1.329145618E+00,-139.395587E-03
-59.200E-06,-1.027638078E+00,+363.116980E-03
-59.100E-06,-1.831658185E+00,-440.903127E-03
-59.000E-06,-1.530150644E+00,+363.116980E-03
-58.900E-06,-1.831658185E+00,-440.903127E-03
-58.800E-06,-1.530150644E+00,-440.903127E-03
-58.700E-06,-1.329145618E+00,-440.903127E-03
-58.600E-06,-1.831658185E+00,+61.609440E-03
-58.500E-06,-1.329145618E+00,+363.116980E-03
-58.400E-06,-1.329145618E+00,-440.903127E-03
-58.300E-06,-1.831658185E+00,+363.116980E-03
-58.200E-06,-1.831658185E+00,+363.116980E-03
-58.100E-06,-1.027638078E+00,+61.609440E-03
-58.000E-06,-1.831658185E+00,-943.415694E-03
-57.900E-06,-1.329145618E+00,-440.903127E-03
-57.800E-06,-1.027638078E+00,-440.903127E-03
-57.700E-06,-1.530150644E+00,-440.903127E-03
-57.600E-06,-1.329145618E+00,-742.410667E-03
-57.500E-06,-1.329145618E+00,-440.903127E-03
-57.400E-06,-1.831658185E+00,-440.903127E-03
-57.300E-06,-1.329145618E+00,-440.903127E-03
-57.200E-06,-1.329145618E+00,-440.903127E-03
-57.100E-06,-1.831658185E+00,-139.395587E-03
-57.000E-06,-1.027638078E+00,-440.903127E-03
-56.900E-06,-1.530150644E+00,-440.903127E-03
-56.800E-06,-1.329145618E+00,+363.116980E-03
-56.700E-06,-1.329145618E+00,-440.903127E-03
-56.600E-06,-1.831658185E+00,-440.903127E-03
-56.500E-06,-1.027638078E+00,+61.609440E-03
-56.400E-06,-1.027638078E+00,+363.116980E-03
-56.300E-06,-1.530150644E+00,-440.903127E-03
-56.200E-06,-1.831658185E+00,-440.903127E-03
-56.100E-06,-1.027638078E+00,+363.116980E-03
-56.000E-06,-1.831658185E+00,+363.116980E-03
-55.900E-06,-1.831658185E+00,-440.903127E-03
-55.800E-06,-1.329145618E+00,-139.395587E-03
-55.700E-06,-1.831658185E+00,+61.609440E-03
-55.600E-06,-1.027638078E+00,-440.903127E-03
-55.500E-06,-1.831658185E+00,-139.395587E-03
-55.400E-06,-1.530150644E+00,-139.395587E-03
-55.300E-06,-1.831658185E+00,-440.903127E-03
-55.200E-06,-1.027638078E+00,+61.609440E-03
-55.100E-06,-1.530150644E+00,-440.903127E-03
-55.000E-06,-1.831658185E+00,+61.609440E-03
-54.900E-06,-1.329145618E+00,-440.903127E-03
-54.800E-06,-1.831658185E+00,-440.903127E-03
-54.700E-06,-1.831658185E+00,-440.903127E-03
-54.600E-06,-1.831658185E+00,-440.903127E-03
-54.500E-06,-1.530150644E+00,-440.903127E-03
-54.400E-06,-1.831658185E+00,+61.609440E-03
-54.300E-06,-1.831658185E+00,+61.609440E-03
-54.200E-06,-1.831658185E+00,-440.903127E-03
-54.100E-06,-1.329145618E+00,-440.903127E-03
-54.000E-06,-1.530150644E+00,+61.609440E-03
-53.900E-06,-1.530150644E+00,+363.116980E-03
-53.800E-06,-1.329145618E+00,-440.903127E-03
-53.700E-06,-1.027638078E+00,-440.903127E-03
-53.600E-06,-1.831658185E+00,+61.609440E-03
-53.500E-06,-1.831658185E+00,-440.903127E-03
-53.400E-06,-1.329145618E+00,+61.609440E-03
-53.300E-06,-1.027638078E+00,-440.903127E-03
-53.200E-06,-1.530150644E+00,-440.903127E-03
-53.100E-06,-1.831658185E+00,-440.903127E-03
-53.000E-06,-1.831658185E+00,-440.903127E-03
-52.900E-06,-1.530150644E+00,-139.395587E-03
-52.800E-06,-1.329145618E+00,-139.395587E-03
-52.700E-06,-1.831658185E+00,-440.903127E-03
-52.600E-06,-1.329145618E+00,+61.609440E-03
-52.500E-06,-1.831658185E+00,-440.903127E-03
-52.400E-06,-1.530150644E+00,-440.903127E-03
-52.300E-06,-1.329145618E+00,-139.395587E-03
-52.200E-06,-1.831658185E+00,-139.395587E-03
-52.100E-06,-1.329145618E+00,-440.903127E-03
-52.000E-06,-1.831658185E+00,-440.903127E-03
-51.900E-06,-1.329145618E+00,-440.903127E-03
-51.800E-06,-1.831658185E+00,-440.903127E-03
-51.700E-06,-1.831658185E+00,+61.609440E-03
-51.600E-06,-1.027638078E+00,-440.903127E-03
-51.500E-06,-1.831658185E+00,-440.903127E-03
-51.400E-06,-1.329145618E+00,-139.395587E-03
-51.300E-06,-1.329145618E+00,-440.903127E-03
-51.200E-06,-1.329145618E+00,-440.903127E-03
-51.100E-06,-1.530150644E+00,+363.116980E-03
-51.000E-06,-1.027638078E+00,-440.903127E-03
-50.900E-06,-1.530150644E+00,-440.903127E-03
-50.800E-06,-1.027638078E+00,-440.903127E-03
-50.700E-06,-1.831658185E+00,-440.903127E-03
-50.600E-06,-1.530150644E+00,-139.395587E-03
-50.500E-06,-1.530150644E+00,+61.609440E-03
-50.400E-06,-1.329145618E+00,-440.903127E-03
-50.300E-06,-1.329145618E+00,-440.903127E-03
-50.200E-06,-1.329145618E+00,-139.395587E-03
-50.100E-06,-1.831658185E+00,-440.903127E-03
-50.000E-06,-1.831658185E+00,-440.903127E-03
-49.900E-06,-1.831658185E+00,-440.903127E-03
-49.800E-06,-1.329145618E+00,-139.395587E-03
-49.700E-06,-1.831658185E+00,-440.903127E-03
-49.600E-06,-1.831658185E+00,-139.395587E-03
-49.500E-06,-1.530150644E+00,-139.395587E-03
-49.400E-06,-1.831658185E+00,-139.395587E-03
-49.300E-06,-1.329145618E+00,-440.903127E-03
-49.200E-06,-1.027638078E+00,-139.395587E-03
-49.100E-06,-1.329145618E+00,-139.395587E-03
-49.000E-06,-1.831658185E+00,-440.903127E-03
-48.900E-06,-1.329145618E+00,-440.903127E-03
-48.800E-06,-1.831658185E+00,-440.903127E-03
-48.700E-06,-1.530150644E+00,+61.609439E-03
-48.600E-06,-1.530150644E+00,-139.395587E-03
-48.500E-06,-1.831658185E+00,-440.903127E-03
-48.400E-06,-1.027638078E+00,+363.116980E-03
-48.300E-06,-1.329145618E+00,+363.116980E-03
-48.200E-06,-1.530150644E+00,-139.395587E-03
-48.100E-06,-1.329145618E+00,-139.395587E-03
-48.000E-06,-1.831658185E+00,-440.903127E-03
-47.900E-06,-1.831658185E+00,-641.908154E-03
-47.800E-06,-1.329145618E+00,+61.609439E-03
-47.700E-06,-1.530150644E+00,-440.903127E-03
-47.600E-06,-1.530150644E+00,+61.609439E-03
-47.500E-06,-1.831658185E+00,+61.609439E-03
-47.400E-06,-1.831658185E+00,-139.395587E-03
-47.300E-06,-1.831658185E+00,-440.903127E-03
-47.200E-06,-1.329145618E+00,-440.903127E-03
-47.100E-06,-1.831658185E+00,-440.903127E-03
-47.000E-06,-1.329145618E+00,-440.903127E-03
-46.900E-06,-1.530150644E+00,+363.116980E-03
-46.800E-06,-1.329145618E+00,+363.116980E-03
-46.700E-06,-1.329145618E+00,-440.903127E-03
-46.600E-06,-1.530150644E+00,+61.609439E-03
-46.500E-06,-1.831658185E+00,+61.609439E-03
-46.400E-06,-1.329145618E+00,-440.903127E-03
-46.300E-06,-1.831658185E+00,-440.903127E-03
-46.200E-06,-1.831658185E+00,-139.395587E-03
-46.100E-06,-1.530150644E+00,+363.116980E-03
-46.000E-06,-1.027638078E+00,-440.903127E-03
-45.900E-06,-1.831658185E+00,+61.609439E-03
-45.800E-06,-1.329145618E+00,-139.395587E-03
-45.700E-06,-1.831658185E+00,+61.609439E-03
-45.600E-06,-1.027638078E+00,-440.903127E-03
-45.500E-06,-1.831658185E+00,-139.395587E-03
-45.400E-06,-1.530150644E+00,-440.903127E-03
-45.300E-06,-1.329145618E+00,-440.903127E-03
-45.200E-06,-1.329145618E+00,-440.903127E-03
-45.100E-06,-1.831658185E+00,-440.903127E-03
-45.000E-06,-1.530150644E+00,+61.609439E-03
-44.900E-06,-1.329145618E+00,-440.903127E-03
-44.800E-06,-1.530150644E+00,+61.609439E-03
-44.700E-06,-1.329145618E+00,-742.410667E-03
-44.600E-06,-1.530150644E+00,-440.903127E-03
-44.500E-06,-1.329145618E+00,-440.903127E-03
-44.400E-06,-1.530150644E+00,-139.395587E-03
-44.300E-06,-1.329145618E+00,-440.903127E-03
-44.200E-06,-1.329145618E+00,-440.903127E-03
-44.100E-06,-1.831658185E+00,+61.609439E-03
-44.000E-06,-1.329145618E+00,-440.903127E-03
-43.900E-06,-1.831658185E+00,+363.116980E-03
-43.800E-06,-1.831658185E+00,+61.609439E-03
-43.700E-06,-1.831658185E+00,+363.116980E-03
-43.600E-06,-1.027638078E+00,+61.609439E-03
-43.500E-06,-1.831658185E+00,+61.609439E-03
-43.400E-06,-1.831658185E+00,-440.903127E-03
-43.300E-06,-1.831658185E+00,-440.903127E-03
-43.200E-06,-1.831658185E+00,-440.903127E-03
-43.100E-06,-1.329145618E+00,-440.903127E-03
-43.000E-06,-1.831658185E+00,-440.903127E-03
-42.900E-06,-1.329145618E+00,-440.903127E-03
-42.800E-06,-1.831658185E+00,-943.415694E-03
-42.700E-06,-1.329145618E+00,-440.903127E-03
-42.600E-06,-1.831658185E+00,-440.903127E-03
-42.500E-06,-1.329145618E+00,-440.903127E-03
-42.400E-06,-1.831658185E+00,-440.903127E-03
-42.300E-06,-1.530150644E+00,-440.903127E-03
-42.200E-06,-1.329145618E+00,-440.903127E-03
-42.100E-06,-1.831658185E+00,-440.903127E-03
-42.000E-06,-1.530150644E+00,+61.609439E-03
-41.900E-06,-1.329145618E+00,-440.903127E-03
-41.800E-06,-1.831658185E+00,+61.609439E-03
-41.700E-06,-1.027638078E+00,-440.903127E-03
-41.600E-06,-1.831658185E+00,-440.903127E-03
-41.500E-06,-1.329145618E+00,-440.903127E-03
-41.400E-06,-1.831658185E+00,-440.903127E-03
-41.300E-06,-1.329145618E+00,+61.609439E-03
-41.200E-06,-1.530150644E+00,+61.609439E-03
-41.100E-06,-1.027638078E+00,-440.903127E-03
-41.000E-06,-1.831658185E+00,-440.903127E-03
-40.900E-06,-1.329145618E+00,+363.116980E-03
-40.800E-06,-1.027638078E+00,-440.903127E-03
-40.700E-06,-1.329145618E+00,+61.609439E-03
-40.600E-06,-1.027638078E+00,-440.903127E-03
-40.500E-06,-1.831658185E+00,-440.903127E-03
-40.400E-06,-1.329145618E+00,-139.395587E-03
-40.300E-06,-1.831658185E+00,-440.903127E-03
-40.200E-06,-1.329145618E+00,+363.116980E-03
-40.100E-06,-1.831658185E+00,-440.903127E-03
-40.000E-06,-1.831658185E+00,-440.903127E-03
-39.900E-06,-1.831658185E+00,-139.395587E-03
-39.800E-06,-1.831658185E+00,+61.609439E-03
-39.700E-06,-1.831658185E+00,-440.903127E-03
-39.600E-06,-1.831658185E+00,+61.609439E-03
-39.500E-06,-1.329145618E+00,-641.908154E-03
-39.400E-06,-1.027638078E+00,-440.903127E-03
-39.300E-06,-1.329145618E+00,-440.903127E-03
-39.200E-06,-1.027638078E+00,-440.903127E-03
-39.100E-06,-1.831658185E+00,-440.903127E-03
-39.000E-06,-1.530150644E+00,+363.116980E-03
-38.900E-06,-1.329145618E+00,-440.903127E-03
-38.800E-06,-1.831658185E+00,-139.395587E-03
-38.700E-06,-1.329145618E+00,-139.395587E-03
-38.600E-06,-1.831658185E+00,-440.903127E-03
-38.500E-06,-1.831658185E+00,-440.903127E-03
-38.400E-06,-1.530150644E+00,+61.609439E-03
-38.300E-06,-1.027638078E+00,+61.609439E-03
-38.200E-06,-1.530150644E+00,-440.903127E-03
-38.100E-06,-1.831658185E+00,-440.903127E-03
-38.000E-06,-1.329145618E+00,-139.395587E-03
-37.900E-06,-1.831658185E+00,-139.395587E-03
-37.800E-06,-1.831658185E+00,-440.903127E-03
-37.700E-06,-1.530150644E+00,-139.395587E-03
-37.600E-06,-1.831658185E+00,-440.903127E-03
-37.500E-06,-1.530150644E+00,-440.903127E-03
-37.400E-06,-1.027638078E+00,-440.903127E-03
-37.300E-06,-1.329145618E+00,-440.903127E-03
-37.200E-06,-1.530150644E+00,+61.609439E-03
-37.100E-06,-1.329145618E+00,-440.903127E-03
-37.000E-06,-1.027638078E+00,-440.903127E-03
-36.900E-06,-1.530150644E+00,-139.395587E-03
-36.800E-06,-1.831658185E+00,+363.116980E-03
-36.700E-06,-1.530150644E+00,-440.903127E-03
-36.600E-06,-1.831658185E+00,-440.903127E-03
-36.500E-06,-1.027638078E+00,+363.116980E-03
-36.400E-06,-1.329145618E+00,-440.903127E-03
-36.300E-06,-1.831658185E+00,+363.116980E-03
-36.200E-06,-1.831658185E+00,-440.903127E-03
-36.100E-06,-1.831658185E+00,-440.903127E-03
-36.000E-06,-1.027638078E+00,-139.395587E-03
-35.900E-06,-1.329145618E+00,-440.903127E-03
-35.800E-06,-1.831658185E+00,-440.903127E-03
-35.700E-06,-1.831658185E+00,-139.395587E-03
-35.600E-06,-1.329145618E+00,-641.908154E-03
-35.500E-06,-1.831658185E+00,-440.903127E-03
-35.400E-06,-1.329145618E+00,-742.410667E-03
-35.300E-06,-1.831658185E+00,-440.903127E-03
-35.200E-06,-1.831658185E+00,-440.903127E-03
-35.100E-06,-1.831658185E+00,+61.609439E-03
-35.000E-06,-1.831658185E+00,-440.903127E-03
-34.900E-06,-1.027638078E+00,-440.903127E-03
-34.800E-06,-1.027638078E+00,-440.903127E-03
-34.700E-06,-1.530150644E+00,-440.903127E-03
-34.600E-06,-1.831658185E+00,-440.903127E-03
-34.500E-06,-1.831658185E+00,-440.903127E-03
-34.400E-06,-1.530150644E+00,-742.410667E-03
-34.300E-06,-1.831658185E+00,-139.395587E-03
-34.200E-06,-1.530150644E+00,-440.903127E-03
-34.100E-06,-1.831658185E+00,-440.903127E-03
-34.000E-06,-1.831658185E+00,-139.395587E-03
-33.900E-06,-1.530150644E+00,-440.903127E-03
-33.800E-06,-1.530150644E+00,-139.395587E-03
-33.700E-06,-1.831658185E+00,-440.903127E-03
-33.600E-06,-1.329145618E+00,-139.395587E-03
-33.500E-06,-1.329145618E+00,-139.395587E-03
-33.400E-06,-1.831658185E+00,-440.903127E-03
-33.300E-06,-1.530150644E+00,-440.903127E-03
-33.200E-06,-1.530150644E+00,-440.903127E-03
-33.100E-06,-1.831658185E+00,-440.903127E-03
-33.000E-06,-1.831658185E+00,-139.395587E-03
-32.900E-06,-1.027638078E+00,-440.903127E-03
-32.800E-06,-1.831658185E+00,-440.903127E-03
-32.700E-06,-1.329145618E+00,-440.903127E-03
-32.600E-06,-1.831658185E+00,-440.903127E-03
-32.500E-06,-1.027638078E+00,+363.116980E-03
-32.400E-06,-1.329145618E+00,-139.395587E-03
-32.300E-06,-1.329145618E+00,-440.903127E-03
-32.200E-06,-1.530150644E+00,-139.395587E-03
-32.100E-06,-1.831658185E+00,-440.903127E-03
-32.000E-06,-1.831658185E+00,-440.903127E-03
-31.900E-06,-1.831658185E+00,-440.903127E-03
-31.800E-06,-1.831658185E+00,-440.903127E-03
-31.700E-06,-1.831658185E+00,-440.903127E-03
-31.600E-06,-1.831658185E+00,-239.898101E-03
-31.500E-06,-1.831658185E+00,-440.903127E-03
-31.400E-06,-1.831658185E+00,-440.903127E-03
-31.300E-06,-1.831658185E+00,-440.903127E-03
-31.200E-06,-1.027638078E+00,+61.609439E-03
-31.100E-06,-1.329145618E+00,-139.395587E-03
-31.000E-06,-1.027638078E+00,-139.395587E-03
-30.900E-06,-1.329145618E+00,+61.609439E-03
-30.800E-06,-1.530150644E+00,-440.903127E-03
-30.700E-06,-1.530150644E+00,-440.903127E-03
-30.600E-06,-1.831658185E+00,-440.903127E-03
-30.500E-06,-1.329145618E+00,-440.903127E-03
-30.400E-06,-1.329145618E+00,-440.903127E-03
-30.300E-06,-1.329145618E+00,+61.609439E-03
-30.200E-06,-1.831658185E+00,-440.903127E-03
-30.100E-06,-1.329145618E+00,-139.395587E-03
-30.000E-06,-1.530150644E+00,-139.395587E-03
-29.900E-06,-1.329145618E+00,-139.395587E-03
-29.800E-06,-1.831658185E+00,-440.903127E-03
-29.700E-06,-1.831658185E+00,+363.116980E-03
-29.600E-06,-1.831658185E+00,+61.609439E-03
-29.500E-06,-1.329145618E+00,-440.903127E-03
-29.400E-06,-1.831658185E+00,-139.395587E-03
-29.300E-06,-1.831658185E+00,+363.116980E-03
-29.200E-06,-1.027638078E+00,-440.903127E-03
-29.100E-06,-1.831658185E+00,-139.395587E-03
-29.000E-06,-1.831658185E+00,-440.903127E-03
-28.900E-06,-1.831658185E+00,-440.903127E-03
-28.800E-06,-1.027638078E+00,+61.609439E-03
-28.700E-06,-1.530150644E+00,-440.903127E-03
-28.600E-06,-1.530150644E+00,+61.609439E-03
-28.500E-06,-1.329145618E+00,-440.903127E-03
-28.400E-06,-1.027638078E+00,+61.609439E-03
-28.300E-06,-1.329145618E+00,-440.903127E-03
-28.200E-06,-1.329145618E+00,-440.903127E-03
-28.100E-06,-1.831658185E+00,-440.903127E-03
-28.000E-06,-1.329145618E+00,-139.395587E-03
-27.900E-06,-1.530150644E+00,-440.903127E-03
-27.800E-06,-1.831658185E+00,-440.903127E-03
-27.700E-06,-1.831658185E+00,+363.116980E-03
-27.600E-06,-1.831658185E+00,-440.903127E-03
-27.500E-06,-1.831658185E+00,-641.908154E-03
-27.400E-06,-1.027638078E+00,-139.395587E-03
-27.300E-06,+2.288944863E+00,+61.609439E-03
-27.200E-06,+25.806532987E+00,-440.903127E-03
-27.100E-06,+30.630653627E+00,-440.903127E-03
-27.000E-06,+31.434673734E+00,-440.903127E-03
-26.900E-06,+31.937186301E+00,-440.903127E-03
-26.800E-06,+31.937186301E+00,-139.395587E-03
-26.700E-06,+31.635678761E+00,-440.903127E-03
-26.600E-06,+31.937186301E+00,-440.903127E-03
-26.500E-06,+31.937186301E+00,-440.903127E-03
-26.400E-06,+31.937186301E+00,-440.903127E-03
-26.300E-06,+31.937186301E+00,-440.903127E-03
-26.200E-06,+31.937186301E+00,+61.609439E-03
-26.100E-06,+31.937186301E+00,-440.903127E-03
-26.000E-06,+31.937186301E+00,-440.903127E-03
-25.900E-06,+31.937186301E+00,-440.903127E-03
-25.800E-06,+31.937186301E+00,-440.903127E-03
-25.700E-06,+31.937186301E+00,-440.903127E-03
-25.600E-06,+31.937186301E+00,-440.903127E-03
-25.500E-06,+31.937186301E+00,-440.903127E-03
-25.400E-06,+31.937186301E+00,-440.903127E-03
-25.300E-06,+12.339196198E+00,-440.903127E-03
-25.200E-06,+1.082914702E+00,-440.903127E-03
-25.100E-06,-1.027638078E+00,-440.903127E-03
-25.000E-06,-1.329145618E+00,-440.903127E-03
-24.900E-06,-1.027638078E+00,-440.903127E-03
-24.800E-06,-1.831658185E+00,-440.903127E-03
-24.700E-06,-1.027638078E+00,-440.903127E-03
-24.600E-06,-1.831658185E+00,-440.903127E-03
-24.500E-06,-1.329145618E+00,-440.903127E-03
-24.400E-06,-1.530150644E+00,-139.395587E-03
-24.300E-06,+22.288945019E+00,+61.609439E-03
-24.200E-06,+30.329146087E+00,-440.903127E-03
-24.100E-06,+31.133166194E+00,-139.395587E-03
-24.000E-06,+31.937186301E+00,+61.609439E-03
-23.900E-06,+31.937186301E+00,+61.609439E-03
-23.800E-06,+31.937186301E+00,+61.609439E-03
-23.700E-06,+31.434673734E+00,-440.903127E-03
-23.600E-06,+31.937186301E+00,-440.903127E-03
-23.500E-06,+31.937186301E+00,-440.903127E-03
-23.400E-06,+31.937186301E+00,-440.903127E-03
-23.300E-06,+31.133166194E+00,-139.395587E-03
-23.200E-06,+31.937186301E+00,+61.609439E-03
-23.100E-06,+32.238693841E+00,+61.609439E-03
-23.000E-06,+31.937186301E+00,-440.903127E-03
-22.900E-06,+31.937186301E+00,-440.903127E-03
-22.800E-06,+31.937186301E+00,-440.903127E-03
-22.700E-06,+31.937186301E+00,-139.395587E-03
-22.600E-06,+31.635678761E+00,+61.609439E-03
-22.500E-06,+31.937186301E+00,+61.609439E-03
-22.400E-06,+21.685929939E+00,+61.609439E-03
-22.300E-06,+2.992462456E+00,-440.903127E-03
-22.200E-06,-1.027638078E+00,-440.903127E-03
-22.100E-06,-1.027638078E+00,-943.415694E-03
-22.000E-06,-1.831658185E+00,-139.395587E-03
-21.900E-06,-1.329145618E+00,-440.903127E-03
-21.800E-06,-1.329145618E+00,-139.395587E-03
-21.700E-06,-1.027638078E+00,-440.903127E-03
-21.600E-06,-1.027638078E+00,-440.903127E-03
-21.500E-06,-1.831658185E+00,-440.903127E-03
-21.400E-06,-1.027638078E+00,-440.903127E-03
-21.300E-06,-1.329145618E+00,-139.395587E-03
-21.200E-06,-1.530150644E+00,-139.395587E-03
-21.100E-06,-1.329145618E+00,+61.609439E-03
-21.000E-06,-1.027638078E+00,-440.903127E-03
-20.900E-06,-1.831658185E+00,-139.395587E-03
-20.800E-06,-1.530150644E+00,-440.903127E-03
-20.700E-06,-1.329145618E+00,-440.903127E-03
-20.600E-06,-1.329145618E+00,-440.903127E-03
-20.500E-06,-1.027638078E+00,-440.903127E-03
-20.400E-06,+21.786432453E+00,+61.609439E-03
-20.300E-06,+29.525125980E+00,+363.116980E-03
-20.200E-06,+31.133166194E+00,-440.903127E-03
-20.100E-06,+31.937186301E+00,-440.903127E-03
-20.000E-06,+31.635678761E+00,+61.609439E-03
-19.900E-06,+31.937186301E+00,-742.410667E-03
-19.800E-06,+31.937186301E+00,+61.609439E-03
-19.700E-06,+31.434673734E+00,-440.903127E-03
-19.600E-06,+31.937186301E+00,-440.903127E-03
-19.500E-06,+31.937186301E+00,-139.395587E-03
-19.400E-06,+31.937186301E+00,-139.395587E-03
-19.300E-06,+31.937186301E+00,-440.903127E-03
-19.200E-06,+31.937186301E+00,-440.903127E-03
-19.100E-06,+31.635678761E+00,+363.116980E-03
-19.000E-06,+32.439698867E+00,-440.903127E-03
-18.900E-06,+31.937186301E+00,-440.903127E-03
-18.800E-06,+31.937186301E+00,-440.903127E-03
-18.700E-06,+31.937186301E+00,-440.903127E-03
-18.600E-06,+31.937186301E+00,-440.903127E-03
-18.500E-06,+31.937186301E+00,-440.903127E-03
-18.400E-06,+31.937186301E+00,-440.903127E-03
-18.300E-06,+31.937186301E+00,-440.903127E-03
-18.200E-06,+31.635678761E+00,+61.609439E-03
-18.100E-06,+31.937186301E+00,+61.609439E-03
-18.000E-06,+31.937186301E+00,-440.903127E-03
-17.900E-06,+31.937186301E+00,-440.903127E-03
-17.800E-06,+31.937186301E+00,-440.903127E-03
-17.700E-06,+31.937186301E+00,-943.415694E-03
-17.600E-06,+31.937186301E+00,+61.609439E-03
-17.500E-06,+31.937186301E+00,-139.395587E-03
-17.400E-06,+31.937186301E+00,-440.903127E-03
-17.300E-06,+31.937186301E+00,+61.609439E-03
-17.200E-06,+31.937186301E+00,-440.903127E-03
-17.100E-06,+31.635678761E+00,-139.395587E-03
-17.000E-06,+31.937186301E+00,-440.903127E-03
-16.900E-06,+31.937186301E+00,+363.116980E-03
-16.800E-06,+31.937186301E+00,-440.903127E-03
-16.700E-06,+31.937186301E+00,-440.903127E-03
-16.600E-06,+31.937186301E+00,-440.903127E-03
-16.500E-06,+31.937186301E+00,-440.903127E-03
-16.400E-06,+31.937186301E+00,-440.903127E-03
-16.300E-06,+31.937186301E+00,-440.903127E-03
-16.200E-06,+31.937186301E+00,-440.903127E-03
-16.100E-06,+31.434673734E+00,-943.415694E-03
-16.000E-06,+31.937186301E+00,+363.116980E-03
-15.900E-06,+31.937186301E+00,+61.609439E-03
-15.800E-06,+31.434673734E+00,+61.609439E-03
-15.700E-06,+31.937186301E+00,-440.903127E-03
-15.600E-06,+31.937186301E+00,+61.609439E-03
-15.500E-06,+6.711055450E+00,-943.415694E-03
-15.400E-06,+278.894596E-03,+61.609439E-03
-15.300E-06,-1.329145618E+00,-440.903127E-03
-15.200E-06,-1.027638078E+00,-440.903127E-03
-15.100E-06,-1.831658185E+00,-440.903127E-03
-15.000E-06,-1.831658185E+00,-139.395587E-03
-14.900E-06,-1.530150644E+00,-440.903127E-03
-14.800E-06,-1.831658185E+00,-440.903127E-03
-14.700E-06,-1.831658185E+00,-139.395587E-03
-14.600E-06,-1.027638078E+00,-139.395587E-03
-14.500E-06,-1.329145618E+00,-440.903127E-03
-14.400E-06,-1.831658185E+00,+61.609439E-03
-14.300E-06,-1.027638078E+00,-440.903127E-03
-14.200E-06,-1.831658185E+00,-139.395587E-03
-14.100E-06,-1.831658185E+00,-440.903127E-03
-14.000E-06,-1.530150644E+00,-440.903127E-03
-13.900E-06,-1.027638078E+00,-440.903127E-03
-13.800E-06,-1.831658185E+00,-440.903127E-03
-13.700E-06,-1.831658185E+00,+363.116980E-03
-13.600E-06,-1.530150644E+00,-139.395587E-03
-13.500E-06,-1.831658185E+00,-440.903127E-03
-13.400E-06,-1.530150644E+00,-440.903127E-03
-13.300E-06,-1.329145618E+00,-440.903127E-03
-13.200E-06,-1.329145618E+00,-440.903127E-03
-13.100E-06,-1.831658185E+00,-440.903127E-03
-13.000E-06,-1.530150644E+00,-440.903127E-03
-12.900E-06,-1.831658185E+00,-440.903127E-03
-12.800E-06,-1.831658185E+00,-440.903127E-03
-12.700E-06,-1.831658185E+00,-440.903127E-03
-12.600E-06,+19.374372132E+00,-440.903127E-03
-12.500E-06,+29.525125980E+00,-440.903127E-03
-12.400E-06,+31.434673734E+00,-440.903127E-03
-12.300E-06,+31.937186301E+00,-440.903127E-03
-12.200E-06,+31.937186301E+00,-239.898101E-03
-12.100E-06,+31.937186301E+00,-440.903127E-03
-12.000E-06,+31.937186301E+00,+61.609439E-03
-11.900E-06,+31.937186301E+00,-139.395587E-03
-11.800E-06,+31.434673734E+00,-440.903127E-03
-11.700E-06,+31.937186301E+00,-440.903127E-03
-11.600E-06,+31.434673734E+00,-440.903127E-03
-11.500E-06,+31.937186301E+00,+61.609439E-03
-11.400E-06,+32.439698867E+00,+61.609439E-03
-11.300E-06,+31.635678761E+00,+61.609439E-03
-11.200E-06,+31.937186301E+00,-440.903127E-03
-11.100E-06,+31.937186301E+00,-440.903127E-03
-11.000E-06,+31.937186301E+00,+61.609439E-03
-10.900E-06,+31.937186301E+00,-440.903127E-03
-10.800E-06,+31.937186301E+00,+61.609439E-03
-10.700E-06,+29.223618440E+00,-440.903127E-03
-10.600E-06,+3.997487589E+00,+61.609439E-03
-10.500E-06,-223.617971E-03,+61.609439E-03
-10.400E-06,-1.027638078E+00,-440.903127E-03
-10.300E-06,-1.027638078E+00,-440.903127E-03
-10.200E-06,-1.530150644E+00,+363.116980E-03
-10.100E-06,-1.831658185E+00,-440.903127E-03
-10.000E-06,-1.027638078E+00,-440.903127E-03
-9.900E-06,-1.530150644E+00,-440.903127E-03
-9.800E-06,-1.329145618E+00,-440.903127E-03
-9.700E-06,+10.831658498E+00,-440.903127E-03
-9.600E-06,+27.917085767E+00,-440.903127E-03
-9.500E-06,+30.831658654E+00,-440.903127E-03
-9.400E-06,+31.937186301E+00,-440.903127E-03
-9.300E-06,+31.937186301E+00,-440.903127E-03
-9.200E-06,+31.937186301E+00,+61.609439E-03
-9.100E-06,+31.937186301E+00,-440.903127E-03
-9.000E-06,+31.937186301E+00,+61.609439E-03
-8.900E-06,+31.937186301E+00,-440.903127E-03
-8.800E-06,+31.937186301E+00,-139.395587E-03
-8.700E-06,+31.937186301E+00,+19.961107083E+00
-8.600E-06,+31.937186301E+00,+30.614373498E+00
-8.500E-06,+31.937186301E+00,+32.523921251E+00
-8.400E-06,+31.937186301E+00,+32.523921251E+00
-8.300E-06,+31.937186301E+00,+32.523921251E+00
-8.200E-06,+31.937186301E+00,+32.825428791E+00
-8.100E-06,+31.937186301E+00,+32.523921251E+00
-8.000E-06,+31.937186301E+00,+32.523921251E+00
-7.900E-06,+31.937186301E+00,+32.523921251E+00
-7.800E-06,+31.937186301E+00,+33.026433818E+00
-7.700E-06,+31.937186301E+00,+32.523921251E+00
-7.600E-06,+31.937186301E+00,+32.523921251E+00
-7.500E-06,+31.937186301E+00,+32.825428791E+00
-7.400E-06,+31.937186301E+00,+32.523921251E+00
-7.300E-06,+31.937186301E+00,+32.825428791E+00
-7.200E-06,+31.434673734E+00,+33.026433818E+00
-7.100E-06,+31.937186301E+00,+33.327941358E+00
-7.000E-06,+31.937186301E+00,+32.523921251E+00
-6.900E-06,+31.937186301E+00,+32.523921251E+00
-6.800E-06,+31.032663680E+00,+31.619398631E+00
-6.700E-06,+4.801507696E+00,+5.187237620E+00
-6.600E-06,-223.617971E-03,+1.167137086E+00
-6.500E-06,-1.329145618E+00,-139.395587E-03
-6.400E-06,-1.027638078E+00,-440.903127E-03
-6.300E-06,-1.027638078E+00,-440.903127E-03
-6.200E-06,-1.831658185E+00,-440.903127E-03
-6.100E-06,-1.831658185E+00,+61.609439E-03
-6.000E-06,-1.530150644E+00,-139.395587E-03
-5.900E-06,-1.530150644E+00,-440.903127E-03
-5.800E-06,+9.223618284E+00,+11.920906015E+00
-5.700E-06,+27.414573200E+00,+28.805328258E+00
-5.600E-06,+31.133166194E+00,+32.523921251E+00
-5.500E-06,+31.635678761E+00,+32.825428791E+00
-5.400E-06,+31.937186301E+00,+32.523921251E+00
-5.300E-06,+31.937186301E+00,+33.327941358E+00
-5.200E-06,+31.434673734E+00,+32.825428791E+00
-5.100E-06,+32.439698867E+00,+32.523921251E+00
-5.000E-06,+31.937186301E+00,+32.825428791E+00
-4.900E-06,+31.937186301E+00,+33.026433818E+00
-4.800E-06,+13.947236411E+00,+33.026433818E+00
-4.700E-06,+1.384422243E+00,+32.523921251E+00
-4.600E-06,-223.617971E-03,+32.523921251E+00
-4.500E-06,-1.027638078E+00,+32.825428791E+00
-4.400E-06,-1.831658185E+00,+32.523921251E+00
-4.300E-06,-1.831658185E+00,+33.327941358E+00
-4.200E-06,-1.831658185E+00,+32.523921251E+00
-4.100E-06,-1.831658185E+00,+33.026433818E+00
-4.000E-06,-1.831658185E+00,+33.026433818E+00
-3.900E-06,-1.329145618E+00,+32.523921251E+00
-3.800E-06,+20.982412346E+00,+9.207338154E+00
-3.700E-06,+30.027638547E+00,+1.669649653E+00
-3.600E-06,+31.434673734E+00,+363.116980E-03
-3.500E-06,+31.937186301E+00,-440.903127E-03
-3.400E-06,+31.937186301E+00,+363.116980E-03
-3.300E-06,+31.937186301E+00,-440.903127E-03
-3.200E-06,+31.434673734E+00,+61.609439E-03
-3.100E-06,+31.133166194E+00,-139.395587E-03
-3.000E-06,+31.937186301E+00,-440.903127E-03
-2.900E-06,+31.937186301E+00,-139.395587E-03
-2.800E-06,+5.404522777E+00,-440.903127E-03
-2.700E-06,-223.617971E-03,+61.609439E-03
-2.600E-06,-1.027638078E+00,+363.116980E-03
-2.500E-06,-1.530150644E+00,-440.903127E-03
-2.400E-06,-1.027638078E+00,-440.903127E-03
-2.300E-06,-1.329145618E+00,+61.609439E-03
-2.200E-06,-1.027638078E+00,+61.609439E-03
-2.100E-06,-1.530150644E+00,-139.395587E-03
-2.000E-06,-1.831658185E+00,-440.903127E-03
-1.900E-06,-1.831658185E+00,+9.006333128E+00
-1.800E-06,-1.027638078E+00,+28.503820717E+00
-1.700E-06,-1.329145618E+00,+32.222413711E+00
-1.600E-06,-1.329145618E+00,+33.026433818E+00
-1.500E-06,-1.027638078E+00,+33.327941358E+00
-1.400E-06,-1.027638078E+00,+32.523921251E+00
-1.300E-06,-1.530150644E+00,+32.825428791E+00
-1.200E-06,-1.831658185E+00,+32.825428791E+00
-1.100E-06,-1.027638078E+00,+32.523921251E+00
-1.000E-06,-1.831658185E+00,+32.523921251E+00
-900E-09,-1.530150644E+00,+32.523921251E+00
-800E-09,-1.831658185E+00,+32.825428791E+00
-700E-09,-1.530150644E+00,+33.327941358E+00
-600E-09,-1.831658185E+00,+32.523921251E+00
-500E-09,-1.027638078E+00,+33.327941358E+00
-400E-09,-1.530150644E+00,+32.523921251E+00
-300E-09,-1.329145618E+00,+32.523921251E+00
-200E-09,-1.831658185E+00,+33.026433818E+00
-100E-09,-1.831658185E+00,+32.523921251E+00
+0.0E+00,-1.329145618E+00,+32.523921251E+00
+100E-09,-1.027638078E+00,+33.026433818E+00
+200E-09,-1.027638078E+00,+32.523921251E+00
+300E-09,-1.027638078E+00,+32.523921251E+00
+400E-09,-1.027638078E+00,+33.026433818E+00
+500E-09,-1.831658185E+00,+32.523921251E+00
+600E-09,-1.831658185E+00,+32.523921251E+00
+700E-09,-1.831658185E+00,+33.327941358E+00
+800E-09,-1.530150644E+00,+32.523921251E+00
+900E-09,-1.831658185E+00,+33.026433818E+00
+1.000E-06,-1.831658185E+00,+33.026433818E+00
+1.100E-06,+24.198492773E+00,+32.825428791E+00
+1.200E-06,+30.329146087E+00,+33.327941358E+00
+1.300E-06,+31.133166194E+00,+33.327941358E+00
+1.400E-06,+31.937186301E+00,+33.026433818E+00
+1.500E-06,+31.635678761E+00,+32.523921251E+00
+1.600E-06,+31.434673734E+00,+33.026433818E+00
+1.700E-06,+31.937186301E+00,+32.825428791E+00
+1.800E-06,+32.238693841E+00,+32.523921251E+00
+1.900E-06,+31.434673734E+00,+32.825428791E+00
+2.000E-06,+27.113065660E+00,+32.523921251E+00
+2.100E-06,+3.494975023E+00,+32.523921251E+00
+2.200E-06,-223.617971E-03,+33.026433818E+00
+2.300E-06,-1.027638078E+00,+32.825428791E+00
+2.400E-06,-1.831658185E+00,+32.825428791E+00
+2.500E-06,-1.027638078E+00,+32.825428791E+00
+2.600E-06,-1.530150644E+00,+33.026433818E+00
+2.700E-06,-1.530150644E+00,+32.523921251E+00
+2.800E-06,-1.831658185E+00,+32.523921251E+00
+2.900E-06,-1.831658185E+00,+32.825428791E+00
+3.000E-06,-1.329145618E+00,+17.448544249E+00
+3.100E-06,-1.831658185E+00,+3.579197407E+00
+3.200E-06,-1.027638078E+00,+363.116980E-03
+3.300E-06,-1.027638078E+00,+363.116980E-03
+3.400E-06,-1.530150644E+00,-440.903127E-03
+3.500E-06,-1.831658185E+00,+363.116980E-03
+3.600E-06,-1.329145618E+00,-139.395587E-03
+3.700E-06,-1.831658185E+00,-440.903127E-03
+3.800E-06,-1.027638078E+00,-139.395587E-03
+3.900E-06,-1.329145618E+00,-440.903127E-03
+4.000E-06,+18.871859566E+00,+61.609439E-03
+4.100E-06,+29.826633521E+00,+61.609439E-03
+4.200E-06,+31.133166194E+00,-440.903127E-03
+4.300E-06,+31.635678761E+00,-139.395587E-03
+4.400E-06,+31.937186301E+00,-440.903127E-03
+4.500E-06,+31.937186301E+00,-440.903127E-03
+4.600E-06,+31.434673734E+00,-440.903127E-03
+4.700E-06,+31.635678761E+00,-440.903127E-03
+4.800E-06,+31.937186301E+00,-440.903127E-03
+4.900E-06,+31.937186301E+00,-440.903127E-03
+5.000E-06,+7.012562990E+00,-742.410667E-03
+5.100E-06,+278.894596E-03,-440.903127E-03
+5.200E-06,-1.027638078E+00,-440.903127E-03
+5.300E-06,-1.329145618E+00,-440.903127E-03
+5.400E-06,-1.027638078E+00,-440.903127E-03
+5.500E-06,-1.530150644E+00,-943.415694E-03
+5.600E-06,-1.530150644E+00,-440.903127E-03
+5.700E-06,-1.831658185E+00,-440.903127E-03
+5.800E-06,-1.831658185E+00,+61.609439E-03
+5.900E-06,+1.183417216E+00,+3.981207461E+00
+6.000E-06,+25.806532987E+00,+27.699800611E+00
+6.100E-06,+31.133166194E+00,+32.523921251E+00
+6.200E-06,+31.937186301E+00,+33.327941358E+00
+6.300E-06,+31.937186301E+00,+33.327941358E+00
+6.400E-06,+31.434673734E+00,+32.523921251E+00
+6.500E-06,+31.937186301E+00,+33.026433818E+00
+6.600E-06,+31.937186301E+00,+33.026433818E+00
+6.700E-06,+31.937186301E+00,+33.327941358E+00
+6.800E-06,+32.439698867E+00,+33.327941358E+00
+6.900E-06,+31.937186301E+00,+33.327941358E+00
+7.000E-06,+31.937186301E+00,+33.026433818E+00
+7.100E-06,+31.937186301E+00,+33.026433818E+00
+7.200E-06,+31.133166194E+00,+32.523921251E+00
+7.300E-06,+31.937186301E+00,+32.825428791E+00
+7.400E-06,+31.635678761E+00,+33.327941358E+00
+7.500E-06,+31.937186301E+00,+33.327941358E+00
+7.600E-06,+31.937186301E+00,+32.523921251E+00
+7.700E-06,+31.937186301E+00,+33.327941358E+00
+7.800E-06,+31.937186301E+00,+33.026433818E+00
+7.900E-06,+13.143216304E+00,+12.925931148E+00
+8.000E-06,+1.384422243E+00,+1.971157193E+00
+8.100E-06,-1.027638078E+00,+363.116980E-03
+8.200E-06,-1.027638078E+00,+61.609439E-03
+8.300E-06,-1.027638078E+00,-440.903127E-03
+8.400E-06,-1.831658185E+00,+61.609439E-03
+8.500E-06,-1.329145618E+00,-440.903127E-03
+8.600E-06,-1.329145618E+00,-440.903127E-03
+8.700E-06,-1.329145618E+00,-440.903127E-03
+8.800E-06,-1.027638078E+00,-440.903127E-03
+8.900E-06,-1.027638078E+00,+23.981207617E+00
+9.000E-06,-1.329145618E+00,+31.418393604E+00
+9.100E-06,-1.329145618E+00,+32.523921251E+00
+9.200E-06,-1.329145618E+00,+33.327941358E+00
+9.300E-06,-1.027638078E+00,+33.629448898E+00
+9.400E-06,-1.530150644E+00,+33.327941358E+00
+9.500E-06,-1.027638078E+00,+32.523921251E+00
+9.600E-06,-1.530150644E+00,+33.026433818E+00
+9.700E-06,-1.831658185E+00,+32.523921251E+00
+9.800E-06,-1.027638078E+00,+32.523921251E+00
+9.900E-06,+25.002512880E+00,+33.327941358E+00
+10.000E-06,+30.630653627E+00,+33.327941358E+00
+10.100E-06,+31.133166194E+00,+33.327941358E+00
+10.200E-06,+31.937186301E+00,+32.825428791E+00
+10.300E-06,+31.937186301E+00,+33.327941358E+00
+10.400E-06,+31.937186301E+00,+33.327941358E+00
+10.500E-06,+31.937186301E+00,+33.327941358E+00
+10.600E-06,+31.937186301E+00,+32.825428791E+00
+10.700E-06,+31.937186301E+00,+32.825428791E+00
+10.800E-06,+31.937186301E+00,+33.327941358E+00
+10.900E-06,+31.937186301E+00,+32.825428791E+00
+11.000E-06,+31.937186301E+00,+33.327941358E+00
+11.100E-06,+31.434673734E+00,+32.825428791E+00
+11.200E-06,+31.937186301E+00,+33.327941358E+00
+11.300E-06,+31.937186301E+00,+33.327941358E+00
+11.400E-06,+31.937186301E+00,+32.523921251E+00
+11.500E-06,+31.937186301E+00,+33.327941358E+00
+11.600E-06,+31.937186301E+00,+33.026433818E+00
+11.700E-06,+31.937186301E+00,+33.327941358E+00
+11.800E-06,+31.937186301E+00,+14.031458795E+00
+11.900E-06,+31.635678761E+00,+2.775177300E+00
+12.000E-06,+31.937186301E+00,+363.116980E-03
+12.100E-06,+31.937186301E+00,-139.395587E-03
+12.200E-06,+31.635678761E+00,-440.903127E-03
+12.300E-06,+31.937186301E+00,-139.395587E-03
+12.400E-06,+31.434673734E+00,-440.903127E-03
+12.500E-06,+32.439698867E+00,-641.908154E-03
+12.600E-06,+31.937186301E+00,+363.116980E-03
+12.700E-06,+31.937186301E+00,-440.903127E-03
+12.800E-06,+31.937186301E+00,+23.679700077E+00
+12.900E-06,+31.937186301E+00,+31.719901145E+00
+13.000E-06,+31.937186301E+00,+32.523921251E+00
+13.100E-06,+31.635678761E+00,+33.327941358E+00
+13.200E-06,+31.937186301E+00,+33.026433818E+00
+13.300E-06,+31.937186301E+00,+33.327941358E+00
+13.400E-06,+31.937186301E+00,+33.327941358E+00
+13.500E-06,+31.937186301E+00,+33.327941358E+00
+13.600E-06,+31.434673734E+00,+32.825428791E+00
+13.700E-06,+31.937186301E+00,+32.825428791E+00
+13.800E-06,+31.937186301E+00,+6.292765267E+00
+13.900E-06,+31.937186301E+00,+1.167137086E+00
+14.000E-06,+31.937186301E+00,+363.116980E-03
+14.100E-06,+31.937186301E+00,+61.609439E-03
+14.200E-06,+31.937186301E+00,+363.116980E-03
+14.300E-06,+31.937186301E+00,-139.395587E-03
+14.400E-06,+31.937186301E+00,+363.116980E-03
+14.500E-06,+31.937186301E+00,+61.609439E-03
+14.600E-06,+31.937186301E+00,-440.903127E-03
+14.700E-06,+25.706030473E+00,+8.503820561E+00
+14.800E-06,+3.494975023E+00,+28.001308151E+00
+14.900E-06,-223.617971E-03,+31.719901145E+00
+15.000E-06,-1.530150644E+00,+32.523921251E+00
+15.100E-06,-1.329145618E+00,+32.825428791E+00
+15.200E-06,-1.027638078E+00,+33.327941358E+00
+15.300E-06,-1.027638078E+00,+33.327941358E+00
+15.400E-06,-1.530150644E+00,+33.327941358E+00
+15.500E-06,-1.530150644E+00,+33.327941358E+00
+15.600E-06,-1.329145618E+00,+33.026433818E+00
+15.700E-06,-1.329145618E+00,+15.840504035E+00
+15.800E-06,-1.831658185E+00,+3.277689867E+00
+15.900E-06,-1.329145618E+00,+363.116980E-03
+16.000E-06,-1.027638078E+00,-139.395587E-03
+16.100E-06,-1.530150644E+00,+61.609439E-03
+16.200E-06,-1.027638078E+00,-440.903127E-03
+16.300E-06,-1.329145618E+00,+61.609439E-03
+16.400E-06,-1.831658185E+00,+363.116980E-03
+16.500E-06,-1.027638078E+00,-440.903127E-03
+16.600E-06,-1.027638078E+00,+61.609439E-03
+16.700E-06,-1.027638078E+00,+61.609439E-03
+16.800E-06,-1.530150644E+00,+61.609439E-03
+16.900E-06,-1.027638078E+00,-139.395587E-03
+17.000E-06,-1.831658185E+00,-440.903127E-03
+17.100E-06,-1.027638078E+00,-440.903127E-03
+17.200E-06,-1.831658185E+00,-440.903127E-03
+17.300E-06,-1.831658185E+00,-440.903127E-03
+17.400E-06,-1.027638078E+00,+61.609439E-03
+17.500E-06,-1.329145618E+00,-440.903127E-03
+17.600E-06,-1.530150644E+00,-440.903127E-03
+17.700E-06,+23.896985233E+00,-139.395587E-03
+17.800E-06,+30.027638547E+00,-440.903127E-03
+17.900E-06,+31.937186301E+00,-440.903127E-03
+18.000E-06,+31.434673734E+00,-440.903127E-03
+18.100E-06,+31.937186301E+00,-440.903127E-03
+18.200E-06,+31.937186301E+00,-440.903127E-03
+18.300E-06,+31.434673734E+00,-139.395587E-03
+18.400E-06,+31.937186301E+00,-139.395587E-03
+18.500E-06,+31.937186301E+00,+61.609439E-03
+18.600E-06,+31.937186301E+00,-440.903127E-03
+18.700E-06,+31.937186301E+00,-440.903127E-03
+18.800E-06,+31.937186301E+00,-440.903127E-03
+18.900E-06,+31.937186301E+00,-440.903127E-03
+19.000E-06,+31.937186301E+00,-440.903127E-03
+19.100E-06,+31.937186301E+00,-139.395587E-03
+19.200E-06,+31.937186301E+00,+61.609439E-03
+19.300E-06,+31.635678761E+00,-440.903127E-03
+19.400E-06,+31.937186301E+00,-440.903127E-03
+19.500E-06,+31.937186301E+00,+61.609439E-03
+19.600E-06,+18.469849512E+00,+15.639499009E+00
+19.700E-06,+2.690954916E+00,+29.106835798E+00
+19.800E-06,-1.027638078E+00,+32.523921251E+00
+19.900E-06,-1.329145618E+00,+33.327941358E+00
+20.000E-06,-1.530150644E+00,+33.026433818E+00
+20.100E-06,-1.831658185E+00,+33.327941358E+00
+20.200E-06,-1.530150644E+00,+33.026433818E+00
+20.300E-06,-1.329145618E+00,+33.327941358E+00
+20.400E-06,-1.530150644E+00,+32.825428791E+00
+20.500E-06,-1.530150644E+00,+33.327941358E+00
+20.600E-06,+19.072864592E+00,+11.619398475E+00
+20.700E-06,+29.525125980E+00,+1.971157193E+00
+20.800E-06,+31.133166194E+00,+363.116980E-03
+20.900E-06,+31.937186301E+00,-139.395587E-03
+21.000E-06,+31.434673734E+00,-440.903127E-03
+21.100E-06,+31.937186301E+00,-440.903127E-03
+21.200E-06,+31.937186301E+00,-440.903127E-03
+21.300E-06,+31.937186301E+00,+363.116980E-03
+21.400E-06,+31.937186301E+00,-440.903127E-03
+21.500E-06,+31.937186301E+00,+61.609439E-03
+21.600E-06,+31.937186301E+00,-943.415694E-03
+21.700E-06,+31.635678761E+00,+363.116980E-03
+21.800E-06,+31.937186301E+00,+363.116980E-03
+21.900E-06,+31.133166194E+00,+61.609439E-03
+22.000E-06,+31.937186301E+00,-440.903127E-03
+22.100E-06,+31.937186301E+00,-139.395587E-03
+22.200E-06,+31.937186301E+00,-440.903127E-03
+22.300E-06,+31.133166194E+00,-139.395587E-03
+22.400E-06,+31.434673734E+00,-139.395587E-03
+22.500E-06,+31.937186301E+00,+3.679699920E+00
+22.600E-06,+31.937186301E+00,+27.197288044E+00
+22.700E-06,+31.937186301E+00,+32.523921251E+00
+22.800E-06,+31.937186301E+00,+32.523921251E+00
+22.900E-06,+31.434673734E+00,+33.327941358E+00
+23.000E-06,+31.434673734E+00,+33.026433818E+00
+23.100E-06,+31.937186301E+00,+32.825428791E+00
+23.200E-06,+31.937186301E+00,+33.327941358E+00
+23.300E-06,+31.937186301E+00,+33.327941358E+00
+23.400E-06,+31.434673734E+00,+33.327941358E+00
+23.500E-06,+20.881909832E+00,+19.860604569E+00
+23.600E-06,+2.690954916E+00,+3.277689867E+00
+23.700E-06,-525.125511E-03,+865.629546E-03
+23.800E-06,-1.329145618E+00,-139.395587E-03
+23.900E-06,-1.329145618E+00,-440.903127E-03
+24.000E-06,-1.329145618E+00,-440.903127E-03
+24.100E-06,-1.530150644E+00,-440.903127E-03
+24.200E-06,-1.530150644E+00,-139.395587E-03
+24.300E-06,-1.027638078E+00,+61.609439E-03
+24.400E-06,-1.027638078E+00,-440.903127E-03
+24.500E-06,+17.766331919E+00,+19.961107083E+00
+24.600E-06,+29.022613414E+00,+30.915881038E+00
+24.700E-06,+31.133166194E+00,+32.523921251E+00
+24.800E-06,+31.937186301E+00,+33.327941358E+00
+24.900E-06,+31.937186301E+00,+33.327941358E+00
+25.000E-06,+31.937186301E+00,+33.327941358E+00
+25.100E-06,+31.937186301E+00,+32.523921251E+00
+25.200E-06,+31.937186301E+00,+33.327941358E+00
+25.300E-06,+31.937186301E+00,+32.523921251E+00
+25.400E-06,+31.937186301E+00,+32.523921251E+00
+25.500E-06,+9.123115770E+00,+32.523921251E+00
+25.600E-06,+580.402136E-03,+32.825428791E+00
+25.700E-06,-1.027638078E+00,+33.327941358E+00
+25.800E-06,-1.027638078E+00,+33.026433818E+00
+25.900E-06,-1.831658185E+00,+32.825428791E+00
+26.000E-06,-1.027638078E+00,+32.825428791E+00
+26.100E-06,-1.530150644E+00,+33.327941358E+00
+26.200E-06,-1.027638078E+00,+33.026433818E+00
+26.300E-06,-1.329145618E+00,+33.327941358E+00
+26.400E-06,-726.130538E-03,+32.423418738E+00
+26.500E-06,+25.203517906E+00,+5.991257727E+00
+26.600E-06,+30.630653627E+00,+865.629546E-03
+26.700E-06,+31.635678761E+00,+363.116980E-03
+26.800E-06,+31.434673734E+00,+363.116980E-03
+26.900E-06,+31.937186301E+00,-139.395587E-03
+27.000E-06,+31.937186301E+00,-440.903127E-03
+27.100E-06,+31.937186301E+00,+61.609439E-03
+27.200E-06,+31.937186301E+00,-440.903127E-03
+27.300E-06,+31.937186301E+00,+61.609439E-03
+27.400E-06,+23.595477693E+00,+61.609439E-03
+27.500E-06,+2.690954916E+00,-139.395587E-03
+27.600E-06,-1.027638078E+00,-440.903127E-03
+27.700E-06,-1.530150644E+00,-440.903127E-03
+27.800E-06,-1.530150644E+00,+61.609439E-03
+27.900E-06,-1.027638078E+00,-440.903127E-03
+28.000E-06,-1.530150644E+00,-440.903127E-03
+28.100E-06,-1.329145618E+00,-440.903127E-03
+28.200E-06,-1.831658185E+00,-440.903127E-03
+28.300E-06,-1.329145618E+00,-440.903127E-03
+28.400E-06,-1.831658185E+00,+18.353066869E+00
+28.500E-06,-1.831658185E+00,+30.111860931E+00
+28.600E-06,-1.027638078E+00,+32.523921251E+00
+28.700E-06,-1.831658185E+00,+32.523921251E+00
+28.800E-06,-1.027638078E+00,+32.523921251E+00
+28.900E-06,-1.027638078E+00,+33.327941358E+00
+29.000E-06,-1.530150644E+00,+33.026433818E+00
+29.100E-06,-1.831658185E+00,+32.825428791E+00
+29.200E-06,-1.530150644E+00,+33.026433818E+00
+29.300E-06,-1.329145618E+00,+33.327941358E+00
+29.400E-06,-1.027638078E+00,+33.327941358E+00
+29.500E-06,-1.831658185E+00,+33.327941358E+00
+29.600E-06,-1.027638078E+00,+33.026433818E+00
+29.700E-06,-1.027638078E+00,+32.825428791E+00
+29.800E-06,-1.530150644E+00,+33.327941358E+00
+29.900E-06,-1.530150644E+00,+33.026433818E+00
+30.000E-06,-1.027638078E+00,+33.327941358E+00
+30.100E-06,-1.831658185E+00,+33.327941358E+00
+30.200E-06,-1.027638078E+00,+33.327941358E+00
+30.300E-06,-1.831658185E+00,+33.026433818E+00
+30.400E-06,-1.530150644E+00,+32.825428791E+00
+30.500E-06,-1.530150644E+00,+32.523921251E+00
+30.600E-06,-1.831658185E+00,+33.026433818E+00
+30.700E-06,-1.530150644E+00,+32.825428791E+00
+30.800E-06,-1.329145618E+00,+32.825428791E+00
+30.900E-06,-1.831658185E+00,+32.523921251E+00
+31.000E-06,-1.831658185E+00,+33.327941358E+00
+31.100E-06,-1.831658185E+00,+33.629448898E+00
+31.200E-06,-1.831658185E+00,+33.327941358E+00
+31.300E-06,+5.203517750E+00,+33.026433818E+00
+31.400E-06,+27.113065660E+00,+32.825428791E+00
+31.500E-06,+31.434673734E+00,+33.327941358E+00
+31.600E-06,+31.434673734E+00,+33.327941358E+00
+31.700E-06,+31.635678761E+00,+33.327941358E+00
+31.800E-06,+31.937186301E+00,+33.026433818E+00
+31.900E-06,+31.937186301E+00,+33.327941358E+00
+32.000E-06,+31.937186301E+00,+33.026433818E+00
+32.100E-06,+31.937186301E+00,+33.327941358E+00
+32.200E-06,+31.937186301E+00,+32.523921251E+00
+32.300E-06,+15.856784165E+00,+33.327941358E+00
+32.400E-06,+1.886934809E+00,+33.026433818E+00
+32.500E-06,-1.027638078E+00,+32.825428791E+00
+32.600E-06,-1.027638078E+00,+33.327941358E+00
+32.700E-06,-1.329145618E+00,+33.026433818E+00
+32.800E-06,-1.027638078E+00,+33.327941358E+00
+32.900E-06,-1.027638078E+00,+32.825428791E+00
+33.000E-06,-1.329145618E+00,+33.327941358E+00
+33.100E-06,-1.027638078E+00,+33.327941358E+00
+33.200E-06,-1.027638078E+00,+33.327941358E+00
+33.300E-06,-1.530150644E+00,+10.513870828E+00
+33.400E-06,-1.329145618E+00,+1.971157193E+00
+33.500E-06,-1.530150644E+00,+363.116980E-03
+33.600E-06,-1.831658185E+00,-139.395587E-03
+33.700E-06,-1.831658185E+00,-440.903127E-03
+33.800E-06,-1.831658185E+00,-440.903127E-03
+33.900E-06,-1.530150644E+00,-943.415694E-03
+34.000E-06,-1.831658185E+00,-440.903127E-03
+34.100E-06,-1.831658185E+00,+61.609439E-03
+34.200E-06,-1.831658185E+00,-440.903127E-03
+34.300E-06,+23.394472666E+00,+61.609439E-03
+34.400E-06,+30.329146087E+00,+61.609439E-03
+34.500E-06,+31.133166194E+00,-440.903127E-03
+34.600E-06,+31.434673734E+00,-139.395587E-03
+34.700E-06,+31.937186301E+00,-440.903127E-03
+34.800E-06,+31.133166194E+00,+61.609439E-03
+34.900E-06,+31.937186301E+00,+61.609439E-03
+35.000E-06,+31.937186301E+00,+363.116980E-03
+35.100E-06,+31.937186301E+00,+363.116980E-03
+35.200E-06,+28.118090793E+00,+363.116980E-03
+35.300E-06,+3.796482563E+00,-440.903127E-03
+35.400E-06,-223.617971E-03,-440.903127E-03
+35.500E-06,-1.831658185E+00,+61.609439E-03
+35.600E-06,-1.027638078E+00,-139.395587E-03
+35.700E-06,-1.831658185E+00,-440.903127E-03
+35.800E-06,-1.329145618E+00,+61.609439E-03
+35.900E-06,-1.831658185E+00,-440.903127E-03
+36.000E-06,-1.831658185E+00,-139.395587E-03
+36.100E-06,-1.530150644E+00,-139.395587E-03
+36.200E-06,+12.138191171E+00,+15.136986442E+00
+36.300E-06,+27.917085767E+00,+29.609348364E+00
+36.400E-06,+31.133166194E+00,+32.523921251E+00
+36.500E-06,+31.937186301E+00,+32.523921251E+00
+36.600E-06,+31.635678761E+00,+33.026433818E+00
+36.700E-06,+31.133166194E+00,+32.825428791E+00
+36.800E-06,+31.937186301E+00,+33.327941358E+00
+36.900E-06,+31.937186301E+00,+32.825428791E+00
+37.000E-06,+31.635678761E+00,+33.327941358E+00
+37.100E-06,+31.635678761E+00,+33.327941358E+00
+37.200E-06,+31.937186301E+00,+33.026433818E+00
+37.300E-06,+31.937186301E+00,+32.825428791E+00
+37.400E-06,+31.937186301E+00,+32.523921251E+00
+37.500E-06,+31.937186301E+00,+33.327941358E+00
+37.600E-06,+31.937186301E+00,+33.026433818E+00
+37.700E-06,+31.937186301E+00,+33.026433818E+00
+37.800E-06,+31.434673734E+00,+33.327941358E+00
+37.900E-06,+31.937186301E+00,+32.825428791E+00
+38.000E-06,+31.937186301E+00,+33.327941358E+00
+38.100E-06,+31.937186301E+00,+32.825428791E+00
+38.200E-06,+7.515075557E+00,+8.101810507E+00
+38.300E-06,+580.402136E-03,+1.167137086E+00
+38.400E-06,-1.027638078E+00,-440.903127E-03
+38.500E-06,-1.329145618E+00,-440.903127E-03
+38.600E-06,-1.530150644E+00,-139.395587E-03
+38.700E-06,-1.530150644E+00,-440.903127E-03
+38.800E-06,-1.329145618E+00,-440.903127E-03
+38.900E-06,-1.027638078E+00,-440.903127E-03
+39.000E-06,-1.831658185E+00,-440.903127E-03
+39.100E-06,-1.329145618E+00,+2.071659707E+00
+39.200E-06,-1.027638078E+00,+27.197288044E+00
+39.300E-06,-1.027638078E+00,+32.021408685E+00
+39.400E-06,-1.530150644E+00,+33.026433818E+00
+39.500E-06,-1.530150644E+00,+32.825428791E+00
+39.600E-06,-1.027638078E+00,+33.327941358E+00
+39.700E-06,-1.530150644E+00,+32.825428791E+00
+39.800E-06,-1.027638078E+00,+33.026433818E+00
+39.900E-06,-1.831658185E+00,+33.327941358E+00
+40.000E-06,-1.831658185E+00,+33.327941358E+00
+40.100E-06,+8.922110744E+00,+32.825428791E+00
+40.200E-06,+27.917085767E+00,+33.327941358E+00
+40.300E-06,+31.133166194E+00,+33.327941358E+00
+40.400E-06,+31.133166194E+00,+33.327941358E+00
+40.500E-06,+31.635678761E+00,+33.327941358E+00
+40.600E-06,+31.937186301E+00,+32.523921251E+00
+40.700E-06,+31.434673734E+00,+32.825428792E+00
+40.800E-06,+31.937186301E+00,+33.026433818E+00
+40.900E-06,+31.937186301E+00,+33.327941358E+00
+41.000E-06,+31.937186301E+00,+33.327941358E+00
+41.100E-06,+31.937186301E+00,+33.327941358E+00
+41.200E-06,+31.937186301E+00,+33.026433818E+00
+41.300E-06,+31.937186301E+00,+33.327941358E+00
+41.400E-06,+31.635678761E+00,+33.327941358E+00
+41.500E-06,+31.937186301E+00,+33.327941358E+00
+41.600E-06,+31.937186301E+00,+33.026433818E+00
+41.700E-06,+31.133166194E+00,+32.523921251E+00
+41.800E-06,+31.937186301E+00,+33.327941358E+00
+41.900E-06,+31.937186301E+00,+33.026433818E+00
+42.000E-06,+31.937186301E+00,+33.327941358E+00
+42.100E-06,+31.937186301E+00,+8.905830614E+00
+42.200E-06,+31.434673734E+00,+1.669649653E+00
+42.300E-06,+31.635678761E+00,+363.116980E-03
+42.400E-06,+31.434673734E+00,-440.903127E-03
+42.500E-06,+31.937186301E+00,-440.903127E-03
+42.600E-06,+31.937186301E+00,-139.395587E-03
+42.700E-06,+31.937186301E+00,+363.116980E-03
+42.800E-06,+31.937186301E+00,-139.395587E-03
+42.900E-06,+31.434673734E+00,-440.903127E-03
+43.000E-06,+31.937186301E+00,-139.395587E-03
+43.100E-06,+31.937186301E+00,+27.197288044E+00
+43.200E-06,+31.937186301E+00,+32.021408685E+00
+43.300E-06,+31.937186301E+00,+32.523921251E+00
+43.400E-06,+31.434673734E+00,+33.026433818E+00
+43.500E-06,+31.937186301E+00,+32.825428792E+00
+43.600E-06,+31.937186301E+00,+32.523921251E+00
+43.700E-06,+31.937186301E+00,+32.825428792E+00
+43.800E-06,+31.937186301E+00,+33.327941358E+00
+43.900E-06,+31.635678761E+00,+32.825428792E+00
+44.000E-06,+31.937186301E+00,+22.574172430E+00
+44.100E-06,+31.434673734E+00,+4.383217514E+00
+44.200E-06,+31.937186301E+00,+363.116980E-03
+44.300E-06,+31.937186301E+00,+363.116980E-03
+44.400E-06,+31.937186301E+00,+363.116980E-03
+44.500E-06,+31.937186301E+00,-139.395587E-03
+44.600E-06,+31.937186301E+00,-440.903127E-03
+44.700E-06,+31.937186301E+00,-440.903127E-03
+44.800E-06,+31.937186301E+00,-440.903127E-03
+44.900E-06,+31.937186301E+00,+61.609439E-03
+45.000E-06,+14.751256518E+00,+18.353066869E+00
+45.100E-06,+1.886934809E+00,+30.111860931E+00
+45.200E-06,-1.027638078E+00,+32.523921251E+00
+45.300E-06,-1.027638078E+00,+32.825428792E+00
+45.400E-06,-1.831658185E+00,+33.327941358E+00
+45.500E-06,-1.329145618E+00,+32.523921251E+00
+45.600E-06,-1.831658185E+00,+32.523921251E+00
+45.700E-06,-1.027638078E+00,+33.327941358E+00
+45.800E-06,-1.329145618E+00,+33.026433818E+00
+45.900E-06,-1.530150644E+00,+32.523921251E+00
+46.000E-06,-1.329145618E+00,+10.212363287E+00
+46.100E-06,-1.027638078E+00,+1.971157193E+00
+46.200E-06,-1.831658185E+00,+363.116980E-03
+46.300E-06,-1.329145618E+00,+61.609439E-03
+46.400E-06,-1.831658185E+00,+61.609439E-03
+46.500E-06,-1.831658185E+00,+61.609439E-03
+46.600E-06,-1.329145618E+00,-440.903127E-03
+46.700E-06,-1.530150644E+00,-440.903127E-03
+46.800E-06,-1.831658185E+00,-440.903127E-03
+46.900E-06,-1.329145618E+00,-440.903127E-03
+47.000E-06,-1.027638078E+00,-139.395587E-03
+47.100E-06,-1.027638078E+00,-139.395587E-03
+47.200E-06,-1.530150644E+00,-440.903127E-03
+47.300E-06,-1.831658185E+00,+61.609439E-03
+47.400E-06,-1.831658185E+00,-139.395587E-03
+47.500E-06,-1.530150644E+00,-139.395587E-03
+47.600E-06,-1.329145618E+00,-440.903127E-03
+47.700E-06,-1.530150644E+00,-440.903127E-03
+47.800E-06,-1.329145618E+00,-440.903127E-03
+47.900E-06,+4.701005184E+00,-440.903127E-03
+48.000E-06,+26.309045553E+00,-440.903127E-03
+48.100E-06,+30.831658654E+00,-440.903127E-03
+48.200E-06,+31.434673734E+00,-440.903127E-03
+48.300E-06,+31.133166194E+00,-440.903127E-03
+48.400E-06,+31.937186301E+00,-440.903127E-03
+48.500E-06,+31.434673734E+00,-440.903127E-03
+48.600E-06,+31.937186301E+00,-139.395587E-03
+48.700E-06,+31.937186301E+00,-139.395587E-03
+48.800E-06,+31.937186301E+00,-440.903127E-03
+48.900E-06,+31.937186301E+00,-440.903127E-03
+49.000E-06,+31.434673734E+00,-440.903127E-03
+49.100E-06,+31.937186301E+00,+61.609439E-03
+49.200E-06,+31.937186301E+00,-440.903127E-03
+49.300E-06,+31.635678761E+00,+61.609439E-03
+49.400E-06,+31.434673734E+00,-440.903127E-03
+49.500E-06,+31.635678761E+00,+363.116980E-03
+49.600E-06,+31.937186301E+00,-440.903127E-03
+49.700E-06,+31.434673734E+00,+61.609439E-03
+49.800E-06,+31.937186301E+00,-440.903127E-03
+49.900E-06,+10.731155984E+00,+21.569147296E+00
+50.000E-06,+580.402136E-03,+30.915881038E+00
+50.100E-06,-525.125511E-03,+32.523921251E+00
+50.200E-06,-1.027638078E+00,+32.523921251E+00
+50.300E-06,-1.329145618E+00,+32.523921251E+00
+50.400E-06,-1.530150644E+00,+32.825428792E+00
+50.500E-06,-1.027638078E+00,+32.523921251E+00
+50.600E-06,-1.027638078E+00,+32.523921251E+00
+50.700E-06,-1.329145618E+00,+32.825428792E+00
+50.800E-06,-1.027638078E+00,+32.523921251E+00
+50.900E-06,+22.891960100E+00,+7.800302967E+00
+51.000E-06,+30.329146087E+00,+1.167137086E+00
+51.100E-06,+31.133166194E+00,-440.903127E-03
+51.200E-06,+31.434673734E+00,+363.116980E-03
+51.300E-06,+31.937186301E+00,-440.903127E-03
+51.400E-06,+31.937186301E+00,+61.609439E-03
+51.500E-06,+31.937186301E+00,+61.609439E-03
+51.600E-06,+31.937186301E+00,-440.903127E-03
+51.700E-06,+31.937186301E+00,-440.903127E-03
+51.800E-06,+31.937186301E+00,-139.395587E-03
+51.900E-06,+31.635678760E+00,-139.395587E-03
+52.000E-06,+31.937186301E+00,-440.903127E-03
+52.100E-06,+31.937186301E+00,+61.609439E-03
+52.200E-06,+31.937186301E+00,-440.903127E-03
+52.300E-06,+31.635678760E+00,+61.609439E-03
+52.400E-06,+31.937186301E+00,-139.395587E-03
+52.500E-06,+31.434673734E+00,+363.116980E-03
+52.600E-06,+31.937186301E+00,+61.609439E-03
+52.700E-06,+31.937186301E+00,+363.116980E-03
+52.800E-06,+31.937186301E+00,+14.131961309E+00
+52.900E-06,+31.635678760E+00,+29.609348364E+00
+53.000E-06,+31.434673734E+00,+32.523921251E+00
+53.100E-06,+31.937186301E+00,+32.523921251E+00
+53.200E-06,+31.434673734E+00,+32.523921251E+00
+53.300E-06,+31.434673734E+00,+32.523921251E+00
+53.400E-06,+31.937186301E+00,+32.523921251E+00
+53.500E-06,+31.937186301E+00,+32.825428792E+00
+53.600E-06,+31.937186301E+00,+33.327941358E+00
+53.700E-06,+31.937186301E+00,+33.327941358E+00
+53.800E-06,+12.037688657E+00,+11.820403501E+00
+53.900E-06,+1.082914702E+00,+1.971157193E+00
+54.000E-06,-1.027638078E+00,+363.116980E-03
+54.100E-06,-1.831658185E+00,-239.898101E-03
+54.200E-06,-1.027638078E+00,-440.903127E-03
+54.300E-06,-1.831658185E+00,-440.903127E-03
+54.400E-06,-1.831658185E+00,-440.903127E-03
+54.500E-06,-1.530150644E+00,-440.903127E-03
+54.600E-06,-1.831658185E+00,-440.903127E-03
+54.700E-06,-1.027638078E+00,-440.903127E-03
+54.800E-06,+22.791457586E+00,+24.483720183E+00
+54.900E-06,+30.329146087E+00,+30.915881038E+00
+55.000E-06,+31.133166194E+00,+33.026433818E+00
+55.100E-06,+31.937186301E+00,+32.825428792E+00
+55.200E-06,+31.937186301E+00,+33.327941358E+00
+55.300E-06,+31.937186301E+00,+32.825428792E+00
+55.400E-06,+31.937186301E+00,+33.026433818E+00
+55.500E-06,+31.635678760E+00,+33.026433818E+00
+55.600E-06,+31.434673734E+00,+33.026433818E+00
+55.700E-06,+30.530151113E+00,+32.523921251E+00
+55.800E-06,+4.600502670E+00,+32.222413711E+00
+55.900E-06,-223.617971E-03,+32.523921251E+00
+56.000E-06,-1.530150644E+00,+33.327941358E+00
+56.100E-06,-1.027638078E+00,+33.026433818E+00
+56.200E-06,-1.831658185E+00,+32.523921251E+00
+56.300E-06,-1.027638078E+00,+33.026433818E+00
+56.400E-06,-1.027638078E+00,+33.026433818E+00
+56.500E-06,-1.329145618E+00,+32.825428792E+00
+56.600E-06,-1.831658185E+00,+32.523921251E+00
+56.700E-06,+8.721105718E+00,+20.664624676E+00
+56.800E-06,+27.113065660E+00,+4.383217514E+00
+56.900E-06,+30.831658654E+00,+363.116980E-03
+57.000E-06,+31.133166194E+00,-440.903127E-03
+57.100E-06,+31.434673734E+00,+363.116980E-03
+57.200E-06,+31.937186301E+00,+363.116980E-03
+57.300E-06,+31.434673734E+00,+61.609439E-03
+57.400E-06,+31.635678760E+00,-440.903127E-03
+57.500E-06,+31.937186301E+00,-139.395587E-03
+57.600E-06,+31.937186301E+00,-440.903127E-03
+57.700E-06,+14.449748978E+00,-139.395587E-03
+57.800E-06,+1.384422243E+00,-440.903127E-03
+57.900E-06,-1.027638078E+00,-139.395587E-03
+58.000E-06,-1.329145618E+00,-440.903127E-03
+58.100E-06,-1.027638078E+00,-440.903127E-03
+58.200E-06,-1.530150644E+00,-440.903127E-03
+58.300E-06,-1.831658185E+00,-440.903127E-03
+58.400E-06,-1.831658185E+00,-440.903127E-03
+58.500E-06,-1.027638078E+00,-139.395587E-03
+58.600E-06,-1.831658185E+00,-440.903127E-03
+58.700E-06,-1.530150644E+00,+23.177187510E+00
+58.800E-06,-1.027638078E+00,+31.418393604E+00
+58.900E-06,-1.329145618E+00,+32.825428792E+00
+59.000E-06,-1.027638078E+00,+33.327941358E+00
+59.100E-06,-1.530150644E+00,+32.825428792E+00
+59.200E-06,-1.831658185E+00,+33.026433818E+00
+59.300E-06,-1.329145618E+00,+32.825428792E+00
+59.400E-06,-1.831658185E+00,+33.026433818E+00
+59.500E-06,-1.027638078E+00,+32.825428792E+00
+59.600E-06,-1.831658185E+00,+33.327941358E+00
+59.700E-06,-1.530150644E+00,+33.327941358E+00
+59.800E-06,-1.530150644E+00,+33.026433818E+00
+59.900E-06,-1.329145618E+00,+33.327941358E+00
+60.000E-06,-1.530150644E+00,+32.523921251E+00
+60.100E-06,-1.530150644E+00,+32.523921251E+00
+60.200E-06,-1.831658185E+00,+32.523921251E+00
+60.300E-06,-1.329145618E+00,+32.825428792E+00
+60.400E-06,-1.831658185E+00,+33.327941358E+00
+60.500E-06,-1.831658185E+00,+32.523921251E+00
+60.600E-06,-1.027638078E+00,+32.523921251E+00
+60.700E-06,-1.831658185E+00,+32.523921251E+00
+60.800E-06,-1.329145618E+00,+33.327941358E+00
+60.900E-06,-1.831658185E+00,+32.523921251E+00
+61.000E-06,-1.530150644E+00,+33.327941358E+00
+61.100E-06,-1.329145618E+00,+32.825428792E+00
+61.200E-06,-1.831658185E+00,+32.825428792E+00
+61.300E-06,-1.831658185E+00,+33.327941358E+00
+61.400E-06,-1.831658185E+00,+32.523921251E+00
+61.500E-06,-1.831658185E+00,+32.825428792E+00
+61.600E-06,+14.851759032E+00,+32.825428792E+00
+61.700E-06,+27.917085767E+00,+32.825428792E+00
+61.800E-06,+31.133166194E+00,+33.026433818E+00
+61.900E-06,+31.937186301E+00,+33.327941358E+00
+62.000E-06,+31.635678760E+00,+33.327941358E+00
+62.100E-06,+31.937186301E+00,+33.026433818E+00
+62.200E-06,+31.635678760E+00,+33.327941358E+00
+62.300E-06,+31.937186301E+00,+33.026433818E+00
+62.400E-06,+31.937186301E+00,+32.523921251E+00
+62.500E-06,+31.937186301E+00,+33.327941358E+00
+62.600E-06,+9.424623311E+00,+32.523921251E+00
+62.700E-06,+580.402136E-03,+33.327941358E+00
+62.800E-06,-1.027638078E+00,+32.825428792E+00
+62.900E-06,-1.831658185E+00,+32.825428792E+00
+63.000E-06,-1.027638078E+00,+32.523921251E+00
+63.100E-06,-1.329145618E+00,+32.523921251E+00
+63.200E-06,-1.530150644E+00,+33.327941358E+00
+63.300E-06,-1.027638078E+00,+33.327941358E+00
+63.400E-06,-1.329145618E+00,+33.327941358E+00
+63.500E-06,-1.831658185E+00,+32.825428792E+00
+63.600E-06,-1.329145618E+00,+6.493770294E+00
+63.700E-06,-1.530150644E+00,+966.132060E-03
+63.800E-06,-1.027638078E+00,+61.609439E-03
+63.900E-06,-1.329145618E+00,-440.903127E-03
+64.000E-06,-1.329145618E+00,-440.903127E-03
+64.100E-06,-1.027638078E+00,-139.395587E-03
+64.200E-06,-1.831658185E+00,-440.903127E-03
+64.300E-06,-1.831658185E+00,-440.903127E-03
+64.400E-06,-1.329145618E+00,-440.903127E-03
+64.500E-06,+2.590452404E+00,-440.903127E-03
+64.600E-06,+26.309045553E+00,-440.903127E-03
+64.700E-06,+30.329146087E+00,+363.116980E-03
+64.800E-06,+31.133166194E+00,-440.903127E-03
+64.900E-06,+31.434673734E+00,-440.903127E-03
+65.000E-06,+31.635678760E+00,+61.609439E-03
+65.100E-06,+31.937186301E+00,-440.903127E-03
+65.200E-06,+31.937186301E+00,+61.609439E-03
+65.300E-06,+31.937186301E+00,-139.395587E-03
+65.400E-06,+31.635678760E+00,-440.903127E-03
+65.500E-06,+17.163316838E+00,+363.116980E-03
+65.600E-06,+1.886934809E+00,-139.395587E-03
+65.700E-06,-525.125511E-03,-139.395587E-03
+65.800E-06,-1.831658185E+00,-440.903127E-03
+65.900E-06,-1.831658185E+00,-440.903127E-03
+66.000E-06,-1.831658185E+00,-139.395587E-03
+66.100E-06,-1.329145618E+00,+61.609439E-03
+66.200E-06,-1.530150644E+00,+61.609439E-03
+66.300E-06,-1.027638078E+00,-440.903127E-03
+66.400E-06,-1.831658185E+00,-139.395587E-03
+66.500E-06,+19.876884699E+00,+22.071659863E+00
+66.600E-06,+29.525125980E+00,+30.915881038E+00
+66.700E-06,+31.133166194E+00,+32.523921251E+00
+66.800E-06,+31.937186301E+00,+33.327941358E+00
+66.900E-06,+31.937186301E+00,+32.825428792E+00
+67.000E-06,+31.133166194E+00,+33.026433818E+00
+67.100E-06,+31.635678760E+00,+32.523921251E+00
+67.200E-06,+31.635678760E+00,+33.026433818E+00
+67.300E-06,+31.937186301E+00,+33.327941358E+00
+67.400E-06,+31.937186301E+00,+33.327941358E+00
+67.500E-06,+31.937186301E+00,+32.523921251E+00
+67.600E-06,+31.937186301E+00,+33.327941358E+00
+67.700E-06,+31.937186301E+00,+33.026433818E+00
+67.800E-06,+31.635678760E+00,+33.026433818E+00
+67.900E-06,+31.937186301E+00,+32.825428792E+00
+68.000E-06,+31.937186301E+00,+33.327941358E+00
+68.100E-06,+31.434673734E+00,+32.523921251E+00
+68.200E-06,+31.133166194E+00,+33.026433818E+00
+68.300E-06,+31.635678760E+00,+33.327941358E+00
+68.400E-06,+29.726131006E+00,+29.207338310E+00
+68.500E-06,+3.796482563E+00,+4.885730080E+00
+68.600E-06,-223.617971E-03,+865.629546E-03
+68.700E-06,-1.329145618E+00,-440.903127E-03
+68.800E-06,-1.831658185E+00,+61.609439E-03
+68.900E-06,-1.831658185E+00,-139.395587E-03
+69.000E-06,-1.831658185E+00,-440.903127E-03
+69.100E-06,-1.831658185E+00,-440.903127E-03
+69.200E-06,-1.027638078E+00,+61.609439E-03
+69.300E-06,-1.831658185E+00,-440.903127E-03
+69.400E-06,-1.027638078E+00,+13.327941203E+00
+69.500E-06,-1.329145618E+00,+30.111860931E+00
+69.600E-06,-1.329145618E+00,+32.021408685E+00
+69.700E-06,-1.831658185E+00,+32.825428792E+00
+69.800E-06,-1.329145618E+00,+33.026433818E+00
+69.900E-06,-1.027638078E+00,+33.327941358E+00
+70.000E-06,-1.831658185E+00,+33.327941358E+00
+70.100E-06,-1.831658185E+00,+33.327941358E+00
+70.200E-06,-1.831658185E+00,+33.026433818E+00
+70.300E-06,-1.831658185E+00,+32.523921251E+00
+70.400E-06,+18.067839459E+00,+33.327941358E+00
+70.500E-06,+29.022613414E+00,+33.327941358E+00
+70.600E-06,+31.937186301E+00,+33.327941358E+00
+70.700E-06,+31.434673734E+00,+33.327941358E+00
+70.800E-06,+31.635678760E+00,+33.026433818E+00
+70.900E-06,+31.937186301E+00,+32.825428792E+00
+71.000E-06,+31.937186301E+00,+33.327941358E+00
+71.100E-06,+31.635678760E+00,+33.327941358E+00
+71.200E-06,+31.937186301E+00,+33.327941358E+00
+71.300E-06,+31.937186301E+00,+32.825428792E+00
+71.400E-06,+31.937186301E+00,+33.327941358E+00
+71.500E-06,+31.937186301E+00,+33.327941358E+00
+71.600E-06,+31.133166194E+00,+33.327941358E+00
+71.700E-06,+31.635678760E+00,+33.327941358E+00
+71.800E-06,+31.937186301E+00,+33.327941358E+00
+71.900E-06,+31.937186301E+00,+33.327941358E+00
+72.000E-06,+31.434673734E+00,+33.327941358E+00
+72.100E-06,+31.937186301E+00,+33.327941358E+00
+72.200E-06,+31.937186301E+00,+32.523921251E+00
+72.300E-06,+31.937186301E+00,+31.719901145E+00
+72.400E-06,+31.434673734E+00,+5.689750187E+00
+72.500E-06,+31.937186301E+00,+865.629546E-03
+72.600E-06,+31.434673734E+00,+363.116980E-03
+72.700E-06,+31.434673734E+00,-440.903127E-03
+72.800E-06,+31.133166194E+00,-440.903127E-03
+72.900E-06,+31.937186301E+00,+61.609439E-03
+73.000E-06,+31.937186301E+00,+363.116980E-03
+73.100E-06,+31.937186301E+00,-440.903127E-03
+73.200E-06,+31.937186301E+00,+61.609439E-03
+73.300E-06,+31.635678760E+00,+11.418393449E+00
+73.400E-06,+31.937186301E+00,+29.307840824E+00
+73.500E-06,+31.937186301E+00,+32.523921251E+00
+73.600E-06,+31.937186301E+00,+33.026433818E+00
+73.700E-06,+31.937186301E+00,+33.327941358E+00
+73.800E-06,+31.635678760E+00,+33.327941358E+00
+73.900E-06,+31.635678760E+00,+32.825428792E+00
+74.000E-06,+31.937186301E+00,+32.825428792E+00
+74.100E-06,+31.937186301E+00,+33.327941358E+00
+74.200E-06,+31.635678760E+00,+33.327941358E+00
+74.300E-06,+31.937186301E+00,+13.729951255E+00
+74.400E-06,+31.133166194E+00,+2.473669760E+00
+74.500E-06,+31.937186301E+00,+363.116980E-03
+74.600E-06,+31.635678760E+00,+61.609439E-03
+74.700E-06,+31.937186301E+00,-440.903127E-03
+74.800E-06,+31.937186301E+00,-139.395587E-03
+74.900E-06,+31.434673734E+00,+61.609439E-03
+75.000E-06,+31.937186301E+00,-440.903127E-03
+75.100E-06,+31.937186301E+00,+363.116980E-03
+75.200E-06,+31.937186301E+00,-139.395587E-03
+75.300E-06,+9.625628337E+00,+23.177187510E+00
+75.400E-06,+580.402136E-03,+31.418393604E+00
+75.500E-06,-1.027638078E+00,+32.523921251E+00
+75.600E-06,-1.027638078E+00,+33.327941358E+00
+75.700E-06,-1.027638078E+00,+33.327941358E+00
+75.800E-06,-1.027638078E+00,+33.327941358E+00
+75.900E-06,-1.027638078E+00,+33.327941358E+00
+76.000E-06,-1.027638078E+00,+33.026433818E+00
+76.100E-06,-1.027638078E+00,+33.026433818E+00
+76.200E-06,-1.329145618E+00,+33.026433818E+00
+76.300E-06,-1.831658185E+00,+5.991257727E+00
+76.400E-06,-1.329145618E+00,+865.629546E-03
+76.500E-06,-1.831658185E+00,+363.116980E-03
+76.600E-06,-1.530150644E+00,+363.116980E-03
+76.700E-06,-1.329145618E+00,+363.116980E-03
+76.800E-06,-1.530150644E+00,-440.903127E-03
+76.900E-06,-1.831658185E+00,-139.395587E-03
+77.000E-06,-1.831658185E+00,+363.116980E-03
+77.100E-06,-1.831658185E+00,-440.903127E-03
+77.200E-06,-1.027638078E+00,-440.903127E-03
+77.300E-06,-1.831658185E+00,+61.609439E-03
+77.400E-06,-1.329145618E+00,-440.903127E-03
+77.500E-06,-1.831658185E+00,-440.903127E-03
+77.600E-06,-1.530150644E+00,-139.395587E-03
+77.700E-06,-1.329145618E+00,+61.609439E-03
+77.800E-06,-1.831658185E+00,-139.395587E-03
+77.900E-06,-1.027638078E+00,-440.903127E-03
+78.000E-06,-1.530150644E+00,-440.903127E-03
+78.100E-06,-1.831658185E+00,+61.609439E-03
+78.200E-06,+14.349246466E+00,-139.395587E-03
+78.300E-06,+28.721105874E+00,-440.903127E-03
+78.400E-06,+31.133166194E+00,-139.395587E-03
+78.500E-06,+31.937186301E+00,-440.903127E-03
+78.600E-06,+31.635678760E+00,-440.903127E-03
+78.700E-06,+31.434673734E+00,+61.609439E-03
+78.800E-06,+31.937186301E+00,-139.395587E-03
+78.900E-06,+31.937186301E+00,+61.609439E-03
+79.000E-06,+31.937186301E+00,-742.410668E-03
+79.100E-06,+31.937186301E+00,+363.116980E-03
+79.200E-06,+31.937186301E+00,+61.609439E-03
+79.300E-06,+31.434673734E+00,-440.903127E-03
+79.400E-06,+31.937186301E+00,-139.395587E-03
+79.500E-06,+31.937186301E+00,-139.395587E-03
+79.600E-06,+31.635678760E+00,-139.395587E-03
+79.700E-06,+31.937186301E+00,-440.903127E-03
+79.800E-06,+31.937186301E+00,+363.116980E-03
+79.900E-06,+31.937186301E+00,+61.609439E-03
+80.000E-06,+31.937186301E+00,-139.395587E-03
+80.100E-06,+31.635678760E+00,+61.609439E-03
+80.200E-06,+6.711055450E+00,+25.589247831E+00
+80.300E-06,+278.894595E-03,+31.719901145E+00
+80.400E-06,-1.027638078E+00,+33.026433818E+00
+80.500E-06,-1.027638078E+00,+32.825428792E+00
+80.600E-06,-1.027638078E+00,+33.327941358E+00
+80.700E-06,-1.329145618E+00,+32.825428792E+00
+80.800E-06,-1.530150644E+00,+33.327941358E+00
+80.900E-06,-1.027638078E+00,+33.327941358E+00
+81.000E-06,-1.530150644E+00,+33.327941358E+00
+81.100E-06,+3.092964971E+00,+26.795277989E+00
+81.200E-06,+26.309045553E+00,+5.187237620E+00
+81.300E-06,+30.329146087E+00,+363.116980E-03
+81.400E-06,+31.434673734E+00,+363.116980E-03
+81.500E-06,+31.434673734E+00,-440.903127E-03
+81.600E-06,+31.434673734E+00,-139.395587E-03
+81.700E-06,+31.937186301E+00,-139.395587E-03
+81.800E-06,+31.937186301E+00,+363.116980E-03
+81.900E-06,+31.434673734E+00,-440.903127E-03
+82.000E-06,+31.635678760E+00,+61.609439E-03
+82.100E-06,+31.937186301E+00,+61.609439E-03
+82.200E-06,+31.434673734E+00,-440.903127E-03
+82.300E-06,+31.937186301E+00,-139.395587E-03
+82.400E-06,+31.937186301E+00,-139.395587E-03
+82.500E-06,+31.937186301E+00,-440.903127E-03
+82.600E-06,+31.937186301E+00,+61.609439E-03
+82.700E-06,+31.937186301E+00,+61.609439E-03
+82.800E-06,+31.937186301E+00,-440.903127E-03
+82.900E-06,+31.937186301E+00,-440.903127E-03
+83.000E-06,+31.937186301E+00,-440.903127E-03
+83.100E-06,+31.937186301E+00,+20.765127190E+00
+83.200E-06,+31.937186301E+00,+30.915881038E+00
+83.300E-06,+31.937186301E+00,+32.523921251E+00
+83.400E-06,+31.434673734E+00,+33.327941358E+00
+83.500E-06,+31.937186301E+00,+32.825428792E+00
+83.600E-06,+31.937186301E+00,+32.825428792E+00
+83.700E-06,+31.937186301E+00,+33.327941358E+00
+83.800E-06,+31.937186301E+00,+33.327941358E+00
+83.900E-06,+31.937186301E+00,+32.825428792E+00
+84.000E-06,+31.937186301E+00,+33.327941358E+00
+84.100E-06,+7.515075557E+00,+7.800302967E+00
+84.200E-06,+77.889569E-03,+1.167137086E+00
+84.300E-06,-1.027638078E+00,+363.116980E-03
+84.400E-06,-1.831658185E+00,-440.903127E-03
+84.500E-06,-1.831658185E+00,-440.903127E-03
+84.600E-06,-1.027638078E+00,-139.395587E-03
+84.700E-06,-1.027638078E+00,+363.116980E-03
+84.800E-06,-1.027638078E+00,-139.395587E-03
+84.900E-06,-1.027638078E+00,+61.609439E-03
+85.000E-06,+680.904650E-03,+3.478694895E+00
+85.100E-06,+26.309045553E+00,+28.001308151E+00
+85.200E-06,+30.630653628E+00,+32.523921251E+00
+85.300E-06,+31.635678760E+00,+33.327941358E+00
+85.400E-06,+31.937186301E+00,+33.327941358E+00
+85.500E-06,+31.434673734E+00,+33.327941358E+00
+85.600E-06,+31.635678760E+00,+33.327941358E+00
+85.700E-06,+31.937186301E+00,+33.327941358E+00
+85.800E-06,+31.434673734E+00,+33.327941358E+00
+85.900E-06,+31.937186301E+00,+32.825428792E+00
+86.000E-06,+20.379397265E+00,+33.026433818E+00
+86.100E-06,+2.992462456E+00,+32.523921251E+00
+86.200E-06,-726.130537E-03,+33.026433818E+00
+86.300E-06,-1.530150644E+00,+33.126936332E+00
+86.400E-06,-1.530150644E+00,+33.327941358E+00
+86.500E-06,-1.831658185E+00,+33.327941358E+00
+86.600E-06,-1.831658185E+00,+33.327941358E+00
+86.700E-06,-1.027638078E+00,+33.327941358E+00
+86.800E-06,-1.831658185E+00,+33.327941358E+00
+86.900E-06,-1.831658185E+00,+33.327941358E+00
+87.000E-06,+16.962311812E+00,+12.925931148E+00
+87.100E-06,+29.022613414E+00,+2.473669760E+00
+87.200E-06,+31.133166194E+00,+363.116980E-03
+87.300E-06,+31.937186301E+00,-139.395587E-03
+87.400E-06,+31.937186301E+00,-139.395587E-03
+87.500E-06,+31.937186301E+00,-139.395587E-03
+87.600E-06,+31.434673734E+00,-440.903127E-03
+87.700E-06,+31.635678760E+00,+61.609439E-03
+87.800E-06,+31.937186301E+00,-440.903127E-03
+87.900E-06,+31.937186301E+00,-440.903127E-03
+88.000E-06,+8.319095663E+00,-440.903127E-03
+88.100E-06,+580.402136E-03,-440.903127E-03
+88.200E-06,-726.130537E-03,-440.903127E-03
+88.300E-06,-1.530150644E+00,-139.395587E-03
+88.400E-06,-1.831658185E+00,-440.903127E-03
+88.500E-06,-1.831658185E+00,-139.395587E-03
+88.600E-06,-1.831658185E+00,-139.395587E-03
+88.700E-06,-1.831658185E+00,-440.903127E-03
+88.800E-06,-1.831658185E+00,-742.410668E-03
+88.900E-06,-1.831658185E+00,+966.132060E-03
+89.000E-06,-1.027638078E+00,+27.197288044E+00
+89.100E-06,-1.027638078E+00,+31.719901145E+00
+89.200E-06,-1.329145618E+00,+33.327941358E+00
+89.300E-06,-1.530150644E+00,+32.825428792E+00
+89.400E-06,-1.530150644E+00,+33.327941358E+00
+89.500E-06,-1.027638078E+00,+33.327941358E+00
+89.600E-06,-1.530150644E+00,+33.327941358E+00
+89.700E-06,-1.530150644E+00,+33.327941358E+00
+89.800E-06,-1.027638078E+00,+33.327941358E+00
+89.900E-06,-1.329145618E+00,+32.825428792E+00
+90.000E-06,-1.027638078E+00,+33.327941358E+00
+90.100E-06,-1.530150644E+00,+32.825428792E+00
+90.200E-06,-1.027638078E+00,+33.026433818E+00
+90.300E-06,-1.831658185E+00,+33.327941358E+00
+90.400E-06,-1.530150644E+00,+33.327941358E+00
+90.500E-06,-1.831658185E+00,+33.327941358E+00
+90.600E-06,-1.530150644E+00,+33.327941358E+00
+90.700E-06,-1.831658185E+00,+32.825428792E+00
+90.800E-06,-1.027638078E+00,+33.026433818E+00
+90.900E-06,-1.027638078E+00,+33.327941358E+00
+91.000E-06,-1.027638078E+00,+32.825428792E+00
+91.100E-06,-1.329145618E+00,+33.327941358E+00
+91.200E-06,-1.831658185E+00,+33.327941358E+00
+91.300E-06,-1.027638078E+00,+33.327941358E+00
+91.400E-06,-1.831658185E+00,+33.327941358E+00
+91.500E-06,-1.831658185E+00,+33.327941358E+00
+91.600E-06,-1.027638078E+00,+32.825428792E+00
+91.700E-06,-1.831658185E+00,+33.327941358E+00
+91.800E-06,-1.027638078E+00,+33.026433818E+00
+91.900E-06,+20.982412346E+00,+32.825428792E+00
+92.000E-06,+29.525125980E+00,+33.327941358E+00
+92.100E-06,+31.133166194E+00,+33.327941358E+00
+92.200E-06,+31.434673734E+00,+32.523921251E+00
+92.300E-06,+31.937186301E+00,+32.523921251E+00
+92.400E-06,+31.937186301E+00,+33.327941358E+00
+92.500E-06,+31.937186301E+00,+32.825428792E+00
+92.600E-06,+31.937186301E+00,+33.327941358E+00
+92.700E-06,+31.635678760E+00,+32.825428792E+00
+92.800E-06,+31.937186301E+00,+33.327941358E+00
+92.900E-06,+5.404522777E+00,+33.026433818E+00
+93.000E-06,+278.894595E-03,+32.523921251E+00
+93.100E-06,-1.027638078E+00,+33.327941358E+00
+93.200E-06,-1.831658185E+00,+33.327941358E+00
+93.300E-06,-1.530150644E+00,+33.327941358E+00
+93.400E-06,-1.027638078E+00,+33.327941358E+00
+93.500E-06,-1.831658185E+00,+32.825428792E+00
+93.600E-06,-1.027638078E+00,+33.327941358E+00
+93.700E-06,-1.329145618E+00,+33.327941358E+00
+93.800E-06,-1.831658185E+00,+23.378192536E+00
+93.900E-06,-1.831658185E+00,+4.081709973E+00
+94.000E-06,-1.831658185E+00,+363.116980E-03
+94.100E-06,-1.329145618E+00,-440.903127E-03
+94.200E-06,-1.329145618E+00,+61.609439E-03
+94.300E-06,-1.329145618E+00,-139.395587E-03
+94.400E-06,-1.530150644E+00,-139.395587E-03
+94.500E-06,-1.831658185E+00,-440.903127E-03
+94.600E-06,-1.831658185E+00,+61.609439E-03
+94.700E-06,-1.530150644E+00,-440.903127E-03
+94.800E-06,+14.047738925E+00,-440.903127E-03
+94.900E-06,+28.721105874E+00,-139.395587E-03
+95.000E-06,+31.133166194E+00,-440.903127E-03
+95.100E-06,+31.434673734E+00,-139.395587E-03
+95.200E-06,+31.434673734E+00,+363.116980E-03
+95.300E-06,+31.937186301E+00,+61.609439E-03
+95.400E-06,+31.937186301E+00,-440.903127E-03
+95.500E-06,+31.937186301E+00,-440.903127E-03
+95.600E-06,+31.937186301E+00,-440.903127E-03
+95.700E-06,+31.937186301E+00,-139.395587E-03
+95.800E-06,+10.228643417E+00,-440.903127E-03
+95.900E-06,+580.402136E-03,+61.609439E-03
+96.000E-06,-1.027638078E+00,-139.395587E-03
+96.100E-06,-1.329145618E+00,-139.395587E-03
+96.200E-06,-1.831658185E+00,-440.903127E-03
+96.300E-06,-1.329145618E+00,+61.609439E-03
+96.400E-06,-1.329145618E+00,-440.903127E-03
+96.500E-06,-1.329145618E+00,+363.116980E-03
+96.600E-06,-1.329145618E+00,-440.903127E-03
+96.700E-06,-1.831658185E+00,-440.903127E-03
+96.800E-06,+24.198492773E+00,+25.589247831E+00
+96.900E-06,+30.329146087E+00,+31.719901145E+00
+97.000E-06,+31.133166194E+00,+33.026433818E+00
+97.100E-06,+31.133166194E+00,+32.825428792E+00
+97.200E-06,+31.937186301E+00,+33.327941358E+00
+97.300E-06,+31.937186301E+00,+33.327941358E+00
+97.400E-06,+31.937186301E+00,+33.327941358E+00
+97.500E-06,+31.937186301E+00,+33.327941358E+00
+97.600E-06,+31.937186301E+00,+33.026433818E+00
+97.700E-06,+28.118090793E+00,+33.327941358E+00
+97.800E-06,+3.796482563E+00,+33.026433818E+00
+97.900E-06,-223.617971E-03,+32.825428792E+00
+98.000E-06,-1.027638078E+00,+32.523921251E+00
+98.100E-06,-1.027638078E+00,+32.523921251E+00
+98.200E-06,-1.530150644E+00,+33.327941358E+00
+98.300E-06,-1.530150644E+00,+33.327941358E+00
+98.400E-06,-1.530150644E+00,+32.825428792E+00
+98.500E-06,-1.329145618E+00,+32.825428792E+00
+98.600E-06,-1.027638078E+00,+33.327941358E+00
+98.700E-06,-1.530150644E+00,+17.448544248E+00
+98.800E-06,-1.831658185E+00,+2.775177300E+00
+98.900E-06,-1.027638078E+00,+363.116980E-03
+99.000E-06,-1.831658185E+00,+363.116980E-03
+99.100E-06,-1.027638078E+00,+61.609439E-03
+99.200E-06,-1.831658185E+00,-440.903127E-03
+99.300E-06,-1.530150644E+00,-440.903127E-03
+99.400E-06,-1.329145618E+00,-440.903127E-03
+99.500E-06,-1.530150644E+00,+61.609439E-03
+99.600E-06,-1.831658185E+00,+363.116980E-03
+99.700E-06,-1.530150644E+00,+21.066634730E+00
+99.800E-06,-1.831658185E+00,+30.915881038E+00
+99.900E-06,-1.027638078E+00,+32.523921251E+00
+100.000E-06,-1.831658185E+00,+33.327941358E+00
+100.100E-06,-1.329145618E+00,+32.523921251E+00
+100.200E-06,-1.329145618E+00,+32.825428792E+00
+100.300E-06,-1.530150644E+00,+32.825428792E+00
+100.400E-06,-1.530150644E+00,+33.026433818E+00
+100.500E-06,-1.530150644E+00,+32.523921251E+00
+100.600E-06,-1.329145618E+00,+33.026433818E+00
+100.700E-06,-1.027638078E+00,+32.523921251E+00
+100.800E-06,-1.329145618E+00,+33.026433818E+00
+100.900E-06,-1.329145618E+00,+32.825428792E+00
+101.000E-06,-1.329145618E+00,+33.026433818E+00
+101.100E-06,-1.530150644E+00,+32.523921251E+00
+101.200E-06,-1.530150644E+00,+33.327941358E+00
+101.300E-06,-1.831658185E+00,+32.825428792E+00
+101.400E-06,-1.530150644E+00,+33.026433818E+00
+101.500E-06,-1.530150644E+00,+33.026433818E+00
+101.600E-06,-1.530150644E+00,+33.327941358E+00
+101.700E-06,-1.027638078E+00,+33.026433818E+00
+101.800E-06,-1.027638078E+00,+33.026433818E+00
+101.900E-06,-1.831658185E+00,+33.026433818E+00
+102.000E-06,-1.027638078E+00,+33.327941358E+00
+102.100E-06,-1.027638078E+00,+33.026433818E+00
+102.200E-06,-1.329145618E+00,+33.327941358E+00
+102.300E-06,-1.831658185E+00,+32.825428792E+00
+102.400E-06,-1.329145618E+00,+33.026433818E+00
+102.500E-06,-1.027638078E+00,+33.327941358E+00
+102.600E-06,-1.831658185E+00,+19.860604568E+00
+102.700E-06,-1.831658185E+00,+3.780202433E+00
+102.800E-06,-1.530150644E+00,+363.116980E-03
+102.900E-06,-1.027638078E+00,+61.609439E-03
+103.000E-06,-1.831658185E+00,+61.609439E-03
+103.100E-06,-1.329145618E+00,+363.116980E-03
+103.200E-06,-1.530150644E+00,-139.395587E-03
+103.300E-06,-1.831658185E+00,-440.903127E-03
+103.400E-06,-1.530150644E+00,+61.609439E-03
+103.500E-06,-1.329145618E+00,-440.903127E-03
+103.600E-06,-1.027638078E+00,+19.961107083E+00
+103.700E-06,-1.027638078E+00,+30.111860931E+00
+103.800E-06,-1.831658185E+00,+32.523921251E+00
+103.900E-06,-1.027638078E+00,+32.523921251E+00
+104.000E-06,-1.329145618E+00,+32.523921251E+00
+104.100E-06,-1.831658185E+00,+33.026433818E+00
+104.200E-06,-1.027638078E+00,+33.026433818E+00
+104.300E-06,-1.831658185E+00,+33.327941358E+00
+104.400E-06,-1.027638078E+00,+33.327941358E+00
+104.500E-06,-1.027638078E+00,+33.327941358E+00
+104.600E-06,-1.530150644E+00,+8.905830614E+00
+104.700E-06,-1.831658185E+00,+1.669649653E+00
+104.800E-06,-1.831658185E+00,+61.609439E-03
+104.900E-06,-1.831658185E+00,-139.395587E-03
+105.000E-06,-1.530150644E+00,-440.903127E-03
+105.100E-06,-1.831658185E+00,-139.395587E-03
+105.200E-06,-1.027638078E+00,+61.609439E-03
+105.300E-06,-1.027638078E+00,-440.903127E-03
+105.400E-06,-1.027638078E+00,-440.903127E-03
+105.500E-06,-1.831658185E+00,-38.893072E-03
+105.600E-06,-1.329145618E+00,+27.398293070E+00
+105.700E-06,-1.831658185E+00,+31.719901145E+00
+105.800E-06,-1.027638078E+00,+32.523921251E+00
+105.900E-06,-1.329145618E+00,+33.327941358E+00
+106.000E-06,-1.831658185E+00,+32.825428792E+00
+106.100E-06,-1.831658185E+00,+32.825428792E+00
+106.200E-06,-1.027638078E+00,+32.523921251E+00
+106.300E-06,-1.831658185E+00,+32.825428792E+00
+106.400E-06,-1.027638078E+00,+33.327941358E+00
+106.500E-06,-1.329145618E+00,+22.574172429E+00
+106.600E-06,-1.831658185E+00,+3.579197407E+00
+106.700E-06,-1.831658185E+00,+363.116980E-03
+106.800E-06,-1.831658185E+00,+363.116980E-03
+106.900E-06,-1.831658185E+00,+61.609439E-03
+107.000E-06,-1.530150644E+00,+363.116980E-03
+107.100E-06,-1.329145618E+00,-440.903127E-03
+107.200E-06,-1.329145618E+00,-139.395587E-03
+107.300E-06,-1.831658185E+00,+61.609439E-03
+107.400E-06,-1.027638078E+00,-139.395587E-03
+107.500E-06,-1.027638078E+00,-440.903127E-03
+107.600E-06,-1.831658185E+00,-139.395587E-03
+107.700E-06,-1.329145618E+00,-440.903127E-03
+107.800E-06,-1.027638078E+00,+61.609439E-03
+107.900E-06,-1.027638078E+00,-440.903127E-03
+108.000E-06,-1.329145618E+00,-440.903127E-03
+108.100E-06,-1.329145618E+00,-139.395587E-03
+108.200E-06,-1.027638078E+00,-440.903127E-03
+108.300E-06,-1.329145618E+00,+363.116980E-03
+108.400E-06,-1.329145618E+00,-139.395587E-03
+108.500E-06,-1.329145618E+00,-440.903127E-03
+108.600E-06,-1.329145618E+00,-440.903127E-03
+108.700E-06,-1.831658185E+00,-440.903127E-03
+108.800E-06,-1.329145618E+00,-139.395587E-03
+108.900E-06,-1.027638078E+00,-139.395587E-03
+109.000E-06,-1.831658185E+00,-139.395587E-03
+109.100E-06,-1.831658185E+00,-139.395587E-03
+109.200E-06,-1.329145618E+00,+61.609439E-03
+109.300E-06,-1.329145618E+00,-440.903127E-03
+109.400E-06,-1.831658185E+00,-742.410668E-03
+109.500E-06,-1.530150644E+00,+61.609439E-03
+109.600E-06,-1.027638078E+00,-440.903127E-03
+109.700E-06,-1.831658185E+00,-440.903127E-03
+109.800E-06,-1.027638078E+00,-440.903127E-03
+109.900E-06,-1.831658185E+00,-440.903127E-03
+110.000E-06,-1.329145618E+00,-440.903127E-03
+110.100E-06,-1.831658185E+00,+61.609439E-03
+110.200E-06,-1.530150644E+00,-440.903127E-03
+110.300E-06,-1.329145618E+00,-440.903127E-03
+110.400E-06,-1.831658185E+00,+8.704825588E+00
+110.500E-06,-1.027638078E+00,+28.503820717E+00
+110.600E-06,-1.027638078E+00,+32.222413711E+00
+110.700E-06,-1.530150644E+00,+32.825428792E+00
+110.800E-06,-1.329145618E+00,+33.026433818E+00
+110.900E-06,-1.530150644E+00,+33.327941358E+00
+111.000E-06,-1.027638078E+00,+32.825428792E+00
+111.100E-06,-1.530150644E+00,+33.026433818E+00
+111.200E-06,-1.831658185E+00,+33.026433818E+00
+111.300E-06,-1.027638078E+00,+32.825428792E+00
+111.400E-06,-1.831658185E+00,+16.142011575E+00
+111.500E-06,-1.831658185E+00,+2.473669759E+00
+111.600E-06,-1.329145618E+00,+363.116980E-03
+111.700E-06,-1.831658185E+00,-440.903127E-03
+111.800E-06,-1.530150644E+00,-440.903127E-03
+111.900E-06,-1.530150644E+00,-440.903127E-03
+112.000E-06,-1.831658185E+00,-440.903127E-03
+112.100E-06,-1.329145618E+00,+363.116980E-03
+112.200E-06,-1.329145618E+00,-440.903127E-03
+112.300E-06,-1.027638078E+00,-440.903127E-03
+112.400E-06,-1.831658185E+00,+61.609439E-03
+112.500E-06,-1.530150644E+00,-440.903127E-03
+112.600E-06,-1.530150644E+00,-139.395587E-03
+112.700E-06,-1.530150644E+00,-440.903127E-03
+112.800E-06,-1.329145618E+00,-139.395587E-03
+112.900E-06,-1.530150644E+00,-440.903127E-03
+113.000E-06,-1.530150644E+00,-440.903127E-03
+113.100E-06,-1.027638078E+00,+61.609439E-03
+113.200E-06,-1.831658185E+00,-139.395587E-03
+113.300E-06,-1.027638078E+00,-440.903127E-03
+113.400E-06,-1.027638078E+00,+25.287740290E+00
+113.500E-06,-1.329145618E+00,+31.719901145E+00
+113.600E-06,-1.027638078E+00,+32.523921251E+00
+113.700E-06,-1.329145618E+00,+32.523921251E+00
+113.800E-06,-1.329145618E+00,+33.026433818E+00
+113.900E-06,-1.530150644E+00,+33.327941358E+00
+114.000E-06,-1.027638078E+00,+33.026433818E+00
+114.100E-06,-1.329145618E+00,+32.523921251E+00
+114.200E-06,-1.530150644E+00,+32.825428792E+00
+114.300E-06,-1.027638078E+00,+27.398293070E+00
+114.400E-06,-1.831658185E+00,+4.383217514E+00
+114.500E-06,-1.530150644E+00,+1.167137086E+00
+114.600E-06,-1.831658185E+00,-440.903127E-03
+114.700E-06,-1.831658185E+00,-440.903127E-03
+114.800E-06,-1.831658185E+00,-440.903127E-03
+114.900E-06,-1.329145618E+00,-440.903127E-03
+115.000E-06,-1.831658185E+00,-139.395587E-03
+115.100E-06,-1.530150644E+00,+363.116980E-03
+115.200E-06,-1.831658185E+00,-139.395587E-03
+115.300E-06,-1.027638078E+00,+14.835478902E+00
+115.400E-06,-1.831658185E+00,+29.307840824E+00
+115.500E-06,-1.027638078E+00,+32.021408685E+00
+115.600E-06,-1.027638078E+00,+32.825428792E+00
+115.700E-06,-1.530150644E+00,+32.523921251E+00
+115.800E-06,-1.831658185E+00,+33.026433818E+00
+115.900E-06,-1.831658185E+00,+33.327941358E+00
+116.000E-06,-1.027638078E+00,+33.026433818E+00
+116.100E-06,-1.027638078E+00,+32.523921251E+00
+116.200E-06,-1.329145618E+00,+33.026433818E+00
+116.300E-06,-1.530150644E+00,+12.423418581E+00
+116.400E-06,-1.027638078E+00,+2.473669759E+00
+116.500E-06,-1.831658185E+00,+363.116980E-03
+116.600E-06,-1.831658185E+00,+363.116980E-03
+116.700E-06,-1.831658185E+00,-440.903127E-03
+116.800E-06,-1.831658185E+00,+61.609439E-03
+116.900E-06,-1.530150644E+00,-440.903127E-03
+117.000E-06,-1.831658185E+00,-440.903127E-03
+117.100E-06,-1.831658185E+00,+61.609439E-03
+117.200E-06,-1.027638078E+00,-440.903127E-03
+117.300E-06,-1.329145618E+00,+61.609439E-03
+117.400E-06,-1.530150644E+00,-440.903127E-03
+117.500E-06,-1.831658185E+00,+61.609439E-03
+117.600E-06,-1.831658185E+00,+61.609439E-03
+117.700E-06,-1.027638078E+00,-440.903127E-03
+117.800E-06,-1.831658185E+00,+61.609439E-03
+117.900E-06,-1.831658185E+00,-440.903127E-03
+118.000E-06,-1.530150644E+00,-440.903127E-03
+118.100E-06,-1.027638078E+00,+61.609439E-03
+118.200E-06,-1.831658185E+00,+61.609439E-03
+118.300E-06,-1.027638078E+00,-440.903127E-03
+118.400E-06,-1.329145618E+00,+61.609439E-03
+118.500E-06,-1.027638078E+00,+61.609439E-03
+118.600E-06,-1.831658185E+00,+61.609439E-03
+118.700E-06,-1.027638078E+00,-139.395587E-03
+118.800E-06,-1.831658185E+00,+61.609439E-03
+118.900E-06,-1.329145618E+00,-440.903127E-03
+119.000E-06,-1.831658185E+00,-440.903127E-03
+119.100E-06,-1.831658185E+00,-440.903127E-03
+119.200E-06,-1.831658185E+00,+61.609439E-03
+119.300E-06,-1.027638078E+00,+363.116980E-03
+119.400E-06,-1.831658185E+00,-440.903127E-03
+119.500E-06,-1.530150644E+00,-440.903127E-03
+119.600E-06,-1.831658185E+00,-440.903127E-03
+119.700E-06,-1.831658185E+00,-440.903127E-03
+119.800E-06,-1.831658185E+00,-440.903127E-03
+119.900E-06,-1.831658185E+00,+363.116980E-03
+120.000E-06,-1.329145618E+00,+61.609439E-03
+120.100E-06,-1.831658185E+00,-139.395587E-03
+120.200E-06,-1.831658185E+00,-440.903127E-03
+120.300E-06,-1.831658185E+00,-139.395587E-03
+120.400E-06,-1.831658185E+00,-440.903127E-03
+120.500E-06,-1.530150644E+00,-440.903127E-03
+120.600E-06,-1.530150644E+00,-139.395587E-03
+120.700E-06,-1.530150644E+00,-139.395587E-03
+120.800E-06,-1.329145618E+00,-440.903127E-03
+120.900E-06,-1.329145618E+00,+363.116980E-03
+121.000E-06,-1.530150644E+00,-440.903127E-03
+121.100E-06,-1.027638078E+00,-139.395587E-03
+121.200E-06,-1.329145618E+00,-440.903127E-03
+121.300E-06,-1.329145618E+00,+61.609439E-03
+121.400E-06,-1.831658185E+00,-440.903127E-03
+121.500E-06,-1.530150644E+00,-440.903127E-03
+121.600E-06,-1.831658185E+00,-440.903127E-03
+121.700E-06,-1.329145618E+00,-440.903127E-03
+121.800E-06,-1.831658185E+00,-139.395587E-03
+121.900E-06,-1.329145618E+00,+61.609439E-03
+122.000E-06,-1.530150644E+00,-139.395587E-03
+122.100E-06,-1.530150644E+00,+61.609439E-03
+122.200E-06,-1.530150644E+00,-139.395587E-03
+122.300E-06,-1.530150644E+00,-440.903127E-03
+122.400E-06,-1.329145618E+00,-440.903127E-03
+122.500E-06,-1.027638078E+00,+61.609439E-03
+122.600E-06,-1.530150644E+00,+363.116980E-03
+122.700E-06,-1.329145618E+00,-139.395587E-03
+122.800E-06,-1.831658185E+00,+61.609439E-03
+122.900E-06,-1.530150644E+00,-440.903127E-03
+123.000E-06,-1.831658185E+00,-440.903127E-03
+123.100E-06,-1.329145618E+00,+61.609439E-03
+123.200E-06,-1.831658185E+00,+61.609439E-03
+123.300E-06,-1.831658185E+00,-440.903127E-03
+123.400E-06,-1.329145618E+00,+61.609439E-03
+123.500E-06,-1.027638078E+00,+363.116980E-03
+123.600E-06,-1.329145618E+00,-440.903127E-03
+123.700E-06,-1.530150644E+00,-139.395587E-03
+123.800E-06,-1.530150644E+00,-440.903127E-03
+123.900E-06,-1.329145618E+00,-440.903127E-03
+124.000E-06,-1.329145618E+00,+363.116980E-03
+124.100E-06,-1.329145618E+00,-440.903127E-03
+124.200E-06,-1.831658185E+00,+61.609439E-03
+124.300E-06,-1.329145618E+00,+61.609439E-03
+124.400E-06,-1.329145618E+00,-440.903127E-03
+124.500E-06,-1.329145618E+00,-440.903127E-03
+124.600E-06,-1.329145618E+00,-440.903127E-03
+124.700E-06,-1.329145618E+00,-440.903127E-03
+124.800E-06,-1.831658185E+00,+363.116980E-03
+124.900E-06,-1.027638078E+00,-440.903127E-03
+125.000E-06,-1.530150644E+00,-139.395587E-03
+125.100E-06,-1.329145618E+00,+363.116980E-03
+125.200E-06,-1.530150644E+00,+61.609439E-03
+125.300E-06,-1.027638078E+00,-440.903127E-03
+125.400E-06,-1.027638078E+00,-440.903127E-03
+125.500E-06,-1.831658185E+00,-440.903127E-03
+125.600E-06,-1.530150644E+00,-440.903127E-03
+125.700E-06,-1.831658185E+00,+61.609439E-03
+125.800E-06,-1.027638078E+00,-440.903127E-03
+125.900E-06,-1.831658185E+00,-440.903127E-03
+126.000E-06,-1.530150644E+00,-440.903127E-03
+126.100E-06,-1.027638078E+00,+61.609439E-03
+126.200E-06,-1.329145618E+00,-139.395587E-03
+126.300E-06,-1.831658185E+00,+61.609439E-03
+126.400E-06,-1.530150644E+00,-440.903127E-03
+126.500E-06,-1.329145618E+00,+61.609439E-03
+126.600E-06,-1.831658185E+00,-139.395587E-03
+126.700E-06,-1.831658185E+00,+363.116980E-03
+126.800E-06,-1.831658185E+00,-440.903127E-03
+126.900E-06,-1.329145618E+00,-440.903127E-03
+127.000E-06,-1.027638078E+00,-440.903127E-03
+127.100E-06,-1.831658185E+00,+363.116980E-03
+127.200E-06,-1.027638078E+00,+363.116980E-03
+127.300E-06,-1.530150644E+00,-943.415693E-03
+127.400E-06,-1.329145618E+00,-440.903127E-03
+127.500E-06,-1.530150644E+00,-440.903127E-03
+127.600E-06,-1.530150644E+00,-440.903127E-03
+127.700E-06,-1.831658185E+00,-440.903127E-03
+127.800E-06,-1.831658185E+00,-440.903127E-03
+127.900E-06,-1.831658185E+00,+61.609439E-03
+128.000E-06,-1.329145618E+00,-440.903127E-03
+128.100E-06,-1.530150644E+00,-440.903127E-03
+128.200E-06,-1.329145618E+00,+363.116980E-03
+128.300E-06,-1.831658185E+00,-440.903127E-03
+128.400E-06,-1.329145618E+00,+363.116980E-03
+128.500E-06,-1.329145618E+00,-440.903127E-03
+128.600E-06,-1.831658185E+00,+61.609439E-03
+128.700E-06,-1.329145618E+00,-440.903127E-03
+128.800E-06,-1.530150644E+00,+363.116980E-03
+128.900E-06,-1.329145618E+00,-440.903127E-03
+129.000E-06,-1.831658185E+00,-440.903127E-03
+129.100E-06,-1.329145618E+00,-139.395587E-03
+129.200E-06,-1.027638078E+00,-139.395587E-03
+129.300E-06,-1.831658185E+00,-440.903127E-03
+129.400E-06,-1.831658185E+00,-440.903127E-03
+129.500E-06,-1.027638078E+00,+363.116980E-03
+129.600E-06,-1.329145618E+00,-440.903127E-03
+129.700E-06,-1.831658185E+00,-139.395587E-03
+129.800E-06,-1.530150644E+00,-440.903127E-03
+129.900E-06,-1.831658185E+00,-440.903127E-03
+130.000E-06,-1.831658185E+00,-440.903127E-03
+130.100E-06,-1.831658185E+00,-440.903127E-03
+130.200E-06,-1.329145618E+00,-440.903127E-03
+130.300E-06,-1.831658185E+00,-139.395587E-03
+130.400E-06,-1.329145618E+00,-139.395587E-03
+130.500E-06,-1.530150644E+00,-440.903127E-03
+130.600E-06,-1.530150644E+00,-440.903127E-03
+130.700E-06,-1.027638078E+00,-139.395587E-03
+130.800E-06,-1.329145618E+00,-440.903127E-03
+130.900E-06,-1.329145618E+00,-139.395587E-03
+131.000E-06,-1.831658185E+00,+363.116980E-03
+131.100E-06,-1.027638078E+00,-139.395587E-03
+131.200E-06,-1.831658185E+00,-139.395587E-03
+131.300E-06,-1.831658185E+00,-440.903127E-03
+131.400E-06,-1.530150644E+00,-139.395587E-03
+131.500E-06,-1.329145618E+00,+61.609439E-03
+131.600E-06,-1.831658185E+00,-440.903127E-03
+131.700E-06,-1.530150644E+00,-440.903127E-03
+131.800E-06,-1.329145618E+00,-440.903127E-03
+131.900E-06,-1.329145618E+00,+61.609439E-03
+132.000E-06,-1.027638078E+00,-440.903127E-03
+132.100E-06,-1.831658185E+00,+61.609439E-03
+132.200E-06,-1.027638078E+00,-139.395587E-03
+132.300E-06,-1.530150644E+00,-440.903127E-03
+132.400E-06,-1.831658185E+00,-139.395587E-03
+132.500E-06,-1.831658185E+00,-139.395587E-03
+132.600E-06,-1.329145618E+00,-440.903127E-03
+132.700E-06,-1.530150644E+00,-440.903127E-03
+132.800E-06,-1.831658185E+00,+61.609439E-03
+132.900E-06,-1.329145618E+00,-440.903127E-03
+133.000E-06,-1.329145618E+00,-440.903127E-03
+133.100E-06,-1.831658185E+00,-440.903127E-03
+133.200E-06,-1.831658185E+00,-139.395587E-03
+133.300E-06,-1.027638078E+00,-440.903127E-03
+133.400E-06,-1.831658185E+00,-440.903127E-03
+133.500E-06,-1.027638078E+00,-440.903127E-03
+133.600E-06,-1.530150644E+00,-139.395587E-03
+133.700E-06,-1.831658185E+00,+61.609439E-03
+133.800E-06,-1.831658185E+00,+61.609439E-03
+133.900E-06,-1.831658185E+00,-440.903127E-03
+134.000E-06,-1.530150644E+00,+61.609439E-03
+134.100E-06,-1.530150644E+00,-440.903127E-03
+134.200E-06,-1.831658185E+00,-440.903127E-03
+134.300E-06,-1.530150644E+00,-440.903127E-03
+134.400E-06,-1.027638078E+00,-440.903127E-03
+134.500E-06,-1.831658185E+00,+363.116980E-03
+134.600E-06,-1.831658185E+00,+61.609439E-03
+134.700E-06,-1.831658185E+00,+61.609439E-03
+134.800E-06,-1.831658185E+00,+61.609439E-03
+134.900E-06,-1.530150644E+00,+61.609439E-03
+135.000E-06,-1.831658185E+00,-139.395587E-03
+135.100E-06,-1.530150644E+00,-139.395587E-03
+135.200E-06,-1.831658185E+00,-440.903127E-03
+135.300E-06,-1.329145618E+00,-139.395587E-03
+135.400E-06,-1.530150644E+00,-139.395587E-03
+135.500E-06,-1.027638078E+00,-440.903127E-03
+135.600E-06,-1.329145618E+00,-440.903127E-03
+135.700E-06,-1.027638078E+00,-440.903127E-03
+135.800E-06,-1.831658185E+00,+61.609439E-03
+135.900E-06,-1.831658185E+00,+363.116980E-03
+136.000E-06,-1.329145618E+00,-440.903127E-03
+136.100E-06,-1.329145618E+00,-440.903127E-03
+136.200E-06,-1.329145618E+00,-139.395587E-03
+136.300E-06,-1.530150644E+00,-440.903127E-03
+136.400E-06,-1.027638078E+00,-440.903127E-03
+136.500E-06,-1.027638078E+00,+61.609439E-03
+136.600E-06,-1.027638078E+00,+363.116980E-03
+136.700E-06,-1.027638078E+00,+61.609439E-03
+136.800E-06,-1.831658185E+00,+61.609439E-03
+136.900E-06,-1.831658185E+00,+363.116980E-03
+137.000E-06,-1.831658185E+00,-440.903127E-03
+137.100E-06,-1.329145618E+00,-139.395587E-03
+137.200E-06,-1.530150644E+00,+363.116980E-03
+137.300E-06,-1.530150644E+00,-440.903127E-03
+137.400E-06,-1.831658185E+00,+61.609439E-03
+137.500E-06,-1.530150644E+00,-440.903127E-03
+137.600E-06,-1.027638078E+00,-440.903127E-03
+137.700E-06,-1.530150644E+00,-139.395587E-03
+137.800E-06,-1.831658185E+00,+61.609439E-03
+137.900E-06,-1.329145618E+00,-139.395587E-03
+138.000E-06,-1.027638078E+00,-139.395587E-03
+138.100E-06,-1.530150644E+00,-440.903127E-03
+138.200E-06,-1.530150644E+00,-139.395587E-03
+138.300E-06,-1.329145618E+00,-440.903127E-03
+138.400E-06,-1.329145618E+00,-139.395587E-03
+138.500E-06,-1.831658185E+00,-139.395587E-03
+138.600E-06,-1.530150644E+00,-440.903127E-03
+138.700E-06,-1.329145618E+00,-440.903127E-03
+138.800E-06,-1.027638078E+00,+363.116980E-03
+138.900E-06,-1.831658185E+00,-440.903127E-03
+139.000E-06,-1.329145618E+00,-440.903127E-03
+139.100E-06,,
