time,clk_1M024,rst_n_1M024,clk_16M384,rst_16M384,DAC_I,DAC_Q,DAC_bits,DAC_vld,pn_5,pn_4,DAC_bits_1,DAC_bits_0,ground,DAC_bits_X1,DAC_bits_X2
10968,0,1,1,0,-2046.0,-2.0,0.0,1.0,0,1,0,0,0,0,1
10969,0,1,0,0,2.0,-2046.0,0.0,1.0,0,1,0,0,0,0,1
10970,0,1,1,0,2.0,-2046.0,0.0,1.0,0,1,0,0,0,0,1
10971,0,1,0,0,2046.0,2.0,0.0,1.0,0,1,0,0,0,0,1
10972,0,1,1,0,2046.0,2.0,0.0,1.0,0,1,0,0,0,0,1
10973,0,1,0,0,-2.0,2046.0,0.0,1.0,0,1,0,0,0,0,1
10974,0,1,1,0,-2.0,2046.0,0.0,1.0,0,1,0,0,0,0,1
10975,0,1,0,0,-2046.0,-2.0,0.0,1.0,0,1,0,0,0,0,1
10976,1,1,1,0,-2046.0,-2.0,0.0,1.0,0,1,0,0,0,0,1
10977,1,1,0,0,2.0,-2046.0,0.0,1.0,0,1,0,0,0,0,1
10978,1,1,1,0,2.0,-2046.0,0.0,1.0,0,1,0,0,0,0,1
10979,1,1,0,0,2046.0,2.0,0.0,1.0,0,1,0,0,0,0,1
10980,1,1,1,0,2046.0,2.0,0.0,1.0,0,1,0,0,0,0,1
10981,1,1,0,0,-2.0,2046.0,0.0,1.0,0,1,0,0,0,0,1
10982,1,1,1,0,-2.0,2046.0,0.0,1.0,0,1,0,0,0,0,1
10983,1,1,0,0,-2046.0,-2.0,0.0,1.0,0,1,0,0,0,0,1
10984,1,1,1,0,-2046.0,-2.0,0.0,1.0,0,1,0,0,0,0,1
10985,1,1,0,0,2.0,-2046.0,0.0,1.0,0,1,0,0,0,0,1
10986,1,1,1,0,2.0,-2046.0,0.0,1.0,0,1,0,0,0,0,1
10987,1,1,0,0,2046.0,2.0,0.0,1.0,0,1,0,0,0,0,1
10988,1,1,1,0,2046.0,2.0,0.0,1.0,0,1,0,0,0,0,1
10989,1,1,0,0,-2.0,2046.0,0.0,1.0,0,1,0,0,0,0,1
10990,1,1,1,0,-2.0,2046.0,0.0,1.0,0,1,0,0,0,0,1
10991,1,1,0,0,-2046.0,-2.0,0.0,1.0,0,1,0,0,0,0,1
10992,0,1,1,0,-2046.0,-2.0,0.0,1.0,0,1,0,0,0,0,1
10993,0,1,0,0,2.0,-2046.0,0.0,1.0,0,1,0,0,0,0,1
10994,0,1,1,0,2.0,-2046.0,0.0,1.0,0,1,0,0,0,0,1
10995,0,1,0,0,-2046.0,-2.0,3.0,1.0,0,1,1,1,0,1,0
10996,0,1,1,0,-2046.0,-2.0,3.0,1.0,0,1,1,1,0,1,0
10997,0,1,0,0,2.0,-2046.0,3.0,1.0,0,1,1,1,0,1,0
10998,0,1,1,0,2.0,-2046.0,3.0,1.0,0,1,1,1,0,1,0
10999,0,1,0,0,2046.0,2.0,3.0,1.0,0,1,1,1,0,1,0
11000,0,1,1,0,2046.0,2.0,3.0,1.0,0,1,1,1,0,1,0
11001,0,1,0,0,-2.0,2046.0,3.0,1.0,0,1,1,1,0,1,0
11002,0,1,1,0,-2.0,2046.0,3.0,1.0,0,1,1,1,0,1,0
11003,0,1,0,0,-2046.0,-2.0,3.0,1.0,0,1,1,1,0,1,0
11004,0,1,1,0,-2046.0,-2.0,3.0,1.0,0,1,1,1,0,1,0
11005,0,1,0,0,2.0,-2046.0,3.0,1.0,0,1,1,1,0,1,0
11006,0,1,1,0,2.0,-2046.0,3.0,1.0,0,1,1,1,0,1,0
11007,0,1,0,0,2046.0,2.0,3.0,1.0,0,1,1,1,0,1,0
11008,1,1,1,0,2046.0,2.0,3.0,1.0,0,1,1,1,0,1,0
11009,1,1,0,0,-2.0,2046.0,3.0,1.0,0,1,1,1,0,1,0
11010,1,1,1,0,-2.0,2046.0,3.0,1.0,0,1,1,1,0,1,0
11011,1,1,0,0,-2046.0,-2.0,3.0,1.0,0,1,1,1,0,1,0
11012,1,1,1,0,-2046.0,-2.0,3.0,1.0,0,1,1,1,0,1,0
11013,1,1,0,0,2.0,-2046.0,3.0,1.0,0,1,1,1,0,1,0
11014,1,1,1,0,2.0,-2046.0,3.0,1.0,0,1,1,1,0,1,0
11015,1,1,0,0,2046.0,2.0,3.0,1.0,0,1,1,1,0,1,0
11016,1,1,1,0,2046.0,2.0,3.0,1.0,0,1,1,1,0,1,0
11017,1,1,0,0,-2.0,2046.0,3.0,1.0,0,1,1,1,0,1,0
11018,1,1,1,0,-2.0,2046.0,3.0,1.0,0,1,1,1,0,1,0
11019,1,1,0,0,-2046.0,-2.0,3.0,1.0,0,1,1,1,0,1,0
11020,1,1,1,0,-2046.0,-2.0,3.0,1.0,0,1,1,1,0,1,0
11021,1,1,0,0,2.0,-2046.0,3.0,1.0,0,1,1,1,0,1,0
11022,1,1,1,0,2.0,-2046.0,3.0,1.0,0,1,1,1,0,1,0
11023,1,1,0,0,2046.0,2.0,3.0,1.0,0,1,1,1,0,1,0
11024,0,1,1,0,2046.0,2.0,3.0,1.0,0,1,1,1,0,1,0
11025,0,1,0,0,-2.0,2046.0,3.0,1.0,0,1,1,1,0,1,0
11026,0,1,1,0,-2.0,2046.0,3.0,1.0,0,1,1,1,0,1,0
11027,0,1,0,0,-2046.0,-2.0,3.0,1.0,0,1,1,1,0,1,0
11028,0,1,1,0,-2046.0,-2.0,3.0,1.0,0,1,1,1,0,1,0
11029,0,1,0,0,2.0,-2046.0,3.0,1.0,0,1,1,1,0,1,0
11030,0,1,1,0,2.0,-2046.0,3.0,1.0,0,1,1,1,0,1,0
11031,0,1,0,0,2046.0,2.0,3.0,1.0,0,1,1,1,0,1,0
11032,0,1,1,0,2046.0,2.0,3.0,1.0,0,1,1,1,0,1,0
11033,0,1,0,0,-2.0,2046.0,3.0,1.0,0,1,1,1,0,1,0
11034,0,1,1,0,-2.0,2046.0,3.0,1.0,0,1,1,1,0,1,0
11035,0,1,0,0,-2046.0,-2.0,3.0,1.0,0,1,1,1,0,1,0
11036,0,1,1,0,-2046.0,-2.0,3.0,1.0,0,1,1,1,0,1,0
11037,0,1,0,0,2.0,-2046.0,3.0,1.0,0,1,1,1,0,1,0
11038,0,1,1,0,2.0,-2046.0,3.0,1.0,0,1,1,1,0,1,0
11039,0,1,0,0,2046.0,2.0,3.0,1.0,0,1,1,1,0,1,0
11040,1,1,1,0,2046.0,2.0,3.0,1.0,0,1,1,1,0,1,0
11041,1,1,0,0,-2.0,2046.0,3.0,1.0,1,0,1,1,0,1,0
11042,1,1,1,0,-2.0,2046.0,3.0,1.0,1,0,1,1,0,1,0
11043,1,1,0,0,-2046.0,-2.0,3.0,1.0,1,0,1,1,0,1,0
11044,1,1,1,0,-2046.0,-2.0,3.0,1.0,1,0,1,1,0,1,0
11045,1,1,0,0,2.0,-2046.0,3.0,1.0,1,0,1,1,0,1,0
11046,1,1,1,0,2.0,-2046.0,3.0,1.0,1,0,1,1,0,1,0
11047,1,1,0,0,2046.0,2.0,3.0,1.0,1,0,1,1,0,1,0
11048,1,1,1,0,2046.0,2.0,3.0,1.0,1,0,1,1,0,1,0
11049,1,1,0,0,-2.0,2046.0,3.0,1.0,1,0,1,1,0,1,0
11050,1,1,1,0,-2.0,2046.0,3.0,1.0,1,0,1,1,0,1,0
11051,1,1,0,0,-2046.0,-2.0,3.0,1.0,1,0,1,1,0,1,0
11052,1,1,1,0,-2046.0,-2.0,3.0,1.0,1,0,1,1,0,1,0
11053,1,1,0,0,2.0,-2046.0,3.0,1.0,1,0,1,1,0,1,0
11054,1,1,1,0,2.0,-2046.0,3.0,1.0,1,0,1,1,0,1,0
11055,1,1,0,0,2046.0,2.0,3.0,1.0,1,0,1,1,0,1,0
11056,0,1,1,0,2046.0,2.0,3.0,1.0,1,0,1,1,0,1,0
11057,0,1,0,0,-2.0,2046.0,3.0,1.0,1,0,1,1,0,1,0
11058,0,1,1,0,-2.0,2046.0,3.0,1.0,1,0,1,1,0,1,0
11059,0,1,0,0,2046.0,2.0,0.0,1.0,1,0,0,0,0,0,1
11060,0,1,1,0,2046.0,2.0,0.0,1.0,1,0,0,0,0,0,1
11061,0,1,0,0,-2.0,2046.0,0.0,1.0,1,0,0,0,0,0,1
11062,0,1,1,0,-2.0,2046.0,0.0,1.0,1,0,0,0,0,0,1
11063,0,1,0,0,-2046.0,-2.0,0.0,1.0,1,0,0,0,0,0,1
11064,0,1,1,0,-2046.0,-2.0,0.0,1.0,1,0,0,0,0,0,1
11065,0,1,0,0,2.0,-2046.0,0.0,1.0,1,0,0,0,0,0,1
11066,0,1,1,0,2.0,-2046.0,0.0,1.0,1,0,0,0,0,0,1
11067,0,1,0,0,2046.0,2.0,0.0,1.0,1,0,0,0,0,0,1
11068,0,1,1,0,2046.0,2.0,0.0,1.0,1,0,0,0,0,0,1
11069,0,1,0,0,-2.0,2046.0,0.0,1.0,1,0,0,0,0,0,1
11070,0,1,1,0,-2.0,2046.0,0.0,1.0,1,0,0,0,0,0,1
11071,0,1,0,0,-2046.0,-2.0,0.0,1.0,1,0,0,0,0,0,1
11072,1,1,1,0,-2046.0,-2.0,0.0,1.0,1,0,0,0,0,0,1
11073,1,1,0,0,2.0,-2046.0,0.0,1.0,0,0,0,0,0,0,1
11074,1,1,1,0,2.0,-2046.0,0.0,1.0,0,0,0,0,0,0,1
11075,1,1,0,0,2046.0,2.0,0.0,1.0,0,0,0,0,0,0,1
11076,1,1,1,0,2046.0,2.0,0.0,1.0,0,0,0,0,0,0,1
11077,1,1,0,0,-2.0,2046.0,0.0,1.0,0,0,0,0,0,0,1
11078,1,1,1,0,-2.0,2046.0,0.0,1.0,0,0,0,0,0,0,1
11079,1,1,0,0,-2046.0,-2.0,0.0,1.0,0,0,0,0,0,0,1
11080,1,1,1,0,-2046.0,-2.0,0.0,1.0,0,0,0,0,0,0,1
11081,1,1,0,0,2.0,-2046.0,0.0,1.0,0,0,0,0,0,0,1
11082,1,1,1,0,2.0,-2046.0,0.0,1.0,0,0,0,0,0,0,1
11083,1,1,0,0,2046.0,2.0,0.0,1.0,0,0,0,0,0,0,1
11084,1,1,1,0,2046.0,2.0,0.0,1.0,0,0,0,0,0,0,1
11085,1,1,0,0,-2.0,2046.0,0.0,1.0,0,0,0,0,0,0,1
11086,1,1,1,0,-2.0,2046.0,0.0,1.0,0,0,0,0,0,0,1
11087,1,1,0,0,-2046.0,-2.0,0.0,1.0,0,0,0,0,0,0,1
11088,0,1,1,0,-2046.0,-2.0,0.0,1.0,0,0,0,0,0,0,1
11089,0,1,0,0,2.0,-2046.0,0.0,1.0,0,0,0,0,0,0,1
11090,0,1,1,0,2.0,-2046.0,0.0,1.0,0,0,0,0,0,0,1
11091,0,1,0,0,-2046.0,-2.0,3.0,1.0,0,0,1,1,0,1,0
11092,0,1,1,0,-2046.0,-2.0,3.0,1.0,0,0,1,1,0,1,0
11093,0,1,0,0,2.0,-2046.0,3.0,1.0,0,0,1,1,0,1,0
11094,0,1,1,0,2.0,-2046.0,3.0,1.0,0,0,1,1,0,1,0
11095,0,1,0,0,2046.0,2.0,3.0,1.0,0,0,1,1,0,1,0
11096,0,1,1,0,2046.0,2.0,3.0,1.0,0,0,1,1,0,1,0
11097,0,1,0,0,-2.0,2046.0,3.0,1.0,0,0,1,1,0,1,0
11098,0,1,1,0,-2.0,2046.0,3.0,1.0,0,0,1,1,0,1,0
11099,0,1,0,0,-2046.0,-2.0,3.0,1.0,0,0,1,1,0,1,0
11100,0,1,1,0,-2046.0,-2.0,3.0,1.0,0,0,1,1,0,1,0
11101,0,1,0,0,2.0,-2046.0,3.0,1.0,0,0,1,1,0,1,0
11102,0,1,1,0,2.0,-2046.0,3.0,1.0,0,0,1,1,0,1,0
11103,0,1,0,0,2046.0,2.0,3.0,1.0,0,0,1,1,0,1,0
11104,1,1,1,0,2046.0,2.0,3.0,1.0,0,0,1,1,0,1,0
11105,1,1,0,0,-2.0,2046.0,3.0,1.0,0,0,1,1,0,1,0
11106,1,1,1,0,-2.0,2046.0,3.0,1.0,0,0,1,1,0,1,0
11107,1,1,0,0,-2046.0,-2.0,3.0,1.0,0,0,1,1,0,1,0
11108,1,1,1,0,-2046.0,-2.0,3.0,1.0,0,0,1,1,0,1,0
11109,1,1,0,0,2.0,-2046.0,3.0,1.0,0,0,1,1,0,1,0
11110,1,1,1,0,2.0,-2046.0,3.0,1.0,0,0,1,1,0,1,0
11111,1,1,0,0,2046.0,2.0,3.0,1.0,0,0,1,1,0,1,0
11112,1,1,1,0,2046.0,2.0,3.0,1.0,0,0,1,1,0,1,0
11113,1,1,0,0,-2.0,2046.0,3.0,1.0,0,0,1,1,0,1,0
11114,1,1,1,0,-2.0,2046.0,3.0,1.0,0,0,1,1,0,1,0
11115,1,1,0,0,-2046.0,-2.0,3.0,1.0,0,0,1,1,0,1,0
11116,1,1,1,0,-2046.0,-2.0,3.0,1.0,0,0,1,1,0,1,0
11117,1,1,0,0,2.0,-2046.0,3.0,1.0,0,0,1,1,0,1,0
11118,1,1,1,0,2.0,-2046.0,3.0,1.0,0,0,1,1,0,1,0
11119,1,1,0,0,2046.0,2.0,3.0,1.0,0,0,1,1,0,1,0
11120,0,1,1,0,2046.0,2.0,3.0,1.0,0,0,1,1,0,1,0
11121,0,1,0,0,-2.0,2046.0,3.0,1.0,0,0,1,1,0,1,0
11122,0,1,1,0,-2.0,2046.0,3.0,1.0,0,0,1,1,0,1,0
11123,0,1,0,0,2.0,-2046.0,2.0,1.0,0,0,1,0,0,0,1
11124,0,1,1,0,2.0,-2046.0,2.0,1.0,0,0,1,0,0,0,1
11125,0,1,0,0,2046.0,2.0,2.0,1.0,0,0,1,0,0,0,1
11126,0,1,1,0,2046.0,2.0,2.0,1.0,0,0,1,0,0,0,1
11127,0,1,0,0,-2.0,2046.0,2.0,1.0,0,0,1,0,0,0,1
11128,0,1,1,0,-2.0,2046.0,2.0,1.0,0,0,1,0,0,0,1
11129,0,1,0,0,-2046.0,-2.0,2.0,1.0,0,0,1,0,0,0,1
11130,0,1,1,0,-2046.0,-2.0,2.0,1.0,0,0,1,0,0,0,1
11131,0,1,0,0,2.0,-2046.0,2.0,1.0,0,0,1,0,0,0,1
11132,0,1,1,0,2.0,-2046.0,2.0,1.0,0,0,1,0,0,0,1
11133,0,1,0,0,2046.0,2.0,2.0,1.0,0,0,1,0,0,0,1
11134,0,1,1,0,2046.0,2.0,2.0,1.0,0,0,1,0,0,0,1
11135,0,1,0,0,-2.0,2046.0,2.0,1.0,0,0,1,0,0,0,1
11136,1,1,1,0,-2.0,2046.0,2.0,1.0,0,0,1,0,0,0,1
11137,1,1,0,0,-2046.0,-2.0,2.0,1.0,1,1,1,0,0,0,1
11138,1,1,1,0,-2046.0,-2.0,2.0,1.0,1,1,1,0,0,0,1
11139,1,1,0,0,2.0,-2046.0,2.0,1.0,1,1,1,0,0,0,1
11140,1,1,1,0,2.0,-2046.0,2.0,1.0,1,1,1,0,0,0,1
11141,1,1,0,0,2046.0,2.0,2.0,1.0,1,1,1,0,0,0,1
11142,1,1,1,0,2046.0,2.0,2.0,1.0,1,1,1,0,0,0,1
11143,1,1,0,0,-2.0,2046.0,2.0,1.0,1,1,1,0,0,0,1
11144,1,1,1,0,-2.0,2046.0,2.0,1.0,1,1,1,0,0,0,1
11145,1,1,0,0,-2046.0,-2.0,2.0,1.0,1,1,1,0,0,0,1
11146,1,1,1,0,-2046.0,-2.0,2.0,1.0,1,1,1,0,0,0,1
11147,1,1,0,0,2.0,-2046.0,2.0,1.0,1,1,1,0,0,0,1
11148,1,1,1,0,2.0,-2046.0,2.0,1.0,1,1,1,0,0,0,1
11149,1,1,0,0,2046.0,2.0,2.0,1.0,1,1,1,0,0,0,1
11150,1,1,1,0,2046.0,2.0,2.0,1.0,1,1,1,0,0,0,1
11151,1,1,0,0,-2.0,2046.0,2.0,1.0,1,1,1,0,0,0,1
11152,0,1,1,0,-2.0,2046.0,2.0,1.0,1,1,1,0,0,0,1
11153,0,1,0,0,-2046.0,-2.0,2.0,1.0,1,1,1,0,0,0,1
11154,0,1,1,0,-2046.0,-2.0,2.0,1.0,1,1,1,0,0,0,1
11155,0,1,0,0,-2046.0,-2.0,3.0,1.0,1,1,1,1,0,1,0
11156,0,1,1,0,-2046.0,-2.0,3.0,1.0,1,1,1,1,0,1,0
11157,0,1,0,0,2.0,-2046.0,3.0,1.0,1,1,1,1,0,1,0
11158,0,1,1,0,2.0,-2046.0,3.0,1.0,1,1,1,1,0,1,0
11159,0,1,0,0,2046.0,2.0,3.0,1.0,1,1,1,1,0,1,0
11160,0,1,1,0,2046.0,2.0,3.0,1.0,1,1,1,1,0,1,0
11161,0,1,0,0,-2.0,2046.0,3.0,1.0,1,1,1,1,0,1,0
11162,0,1,1,0,-2.0,2046.0,3.0,1.0,1,1,1,1,0,1,0
11163,0,1,0,0,-2046.0,-2.0,3.0,1.0,1,1,1,1,0,1,0
11164,0,1,1,0,-2046.0,-2.0,3.0,1.0,1,1,1,1,0,1,0
11165,0,1,0,0,2.0,-2046.0,3.0,1.0,1,1,1,1,0,1,0
11166,0,1,1,0,2.0,-2046.0,3.0,1.0,1,1,1,1,0,1,0
11167,0,1,0,0,2046.0,2.0,3.0,1.0,1,1,1,1,0,1,0
11168,1,1,1,0,2046.0,2.0,3.0,1.0,1,1,1,1,0,1,0
11169,1,1,0,0,-2.0,2046.0,3.0,1.0,0,0,1,1,0,1,0
11170,1,1,1,0,-2.0,2046.0,3.0,1.0,0,0,1,1,0,1,0
11171,1,1,0,0,-2046.0,-2.0,3.0,1.0,0,0,1,1,0,1,0
11172,1,1,1,0,-2046.0,-2.0,3.0,1.0,0,0,1,1,0,1,0
11173,1,1,0,0,2.0,-2046.0,3.0,1.0,0,0,1,1,0,1,0
11174,1,1,1,0,2.0,-2046.0,3.0,1.0,0,0,1,1,0,1,0
11175,1,1,0,0,2046.0,2.0,3.0,1.0,0,0,1,1,0,1,0
11176,1,1,1,0,2046.0,2.0,3.0,1.0,0,0,1,1,0,1,0
11177,1,1,0,0,-2.0,2046.0,3.0,1.0,0,0,1,1,0,1,0
11178,1,1,1,0,-2.0,2046.0,3.0,1.0,0,0,1,1,0,1,0
11179,1,1,0,0,-2046.0,-2.0,3.0,1.0,0,0,1,1,0,1,0
11180,1,1,1,0,-2046.0,-2.0,3.0,1.0,0,0,1,1,0,1,0
11181,1,1,0,0,2.0,-2046.0,3.0,1.0,0,0,1,1,0,1,0
11182,1,1,1,0,2.0,-2046.0,3.0,1.0,0,0,1,1,0,1,0
11183,1,1,0,0,2046.0,2.0,3.0,1.0,0,0,1,1,0,1,0
11184,0,1,1,0,2046.0,2.0,3.0,1.0,0,0,1,1,0,1,0
11185,0,1,0,0,-2.0,2046.0,3.0,1.0,0,0,1,1,0,1,0
11186,0,1,1,0,-2.0,2046.0,3.0,1.0,0,0,1,1,0,1,0
11187,0,1,0,0,-2.0,2046.0,1.0,1.0,0,0,0,1,0,0,1
11188,0,1,1,0,-2.0,2046.0,1.0,1.0,0,0,0,1,0,0,1
11189,0,1,0,0,-2046.0,-2.0,1.0,1.0,0,0,0,1,0,0,1
11190,0,1,1,0,-2046.0,-2.0,1.0,1.0,0,0,0,1,0,0,1
11191,0,1,0,0,2.0,-2046.0,1.0,1.0,0,0,0,1,0,0,1
11192,0,1,1,0,2.0,-2046.0,1.0,1.0,0,0,0,1,0,0,1
11193,0,1,0,0,2046.0,2.0,1.0,1.0,0,0,0,1,0,0,1
11194,0,1,1,0,2046.0,2.0,1.0,1.0,0,0,0,1,0,0,1
11195,0,1,0,0,-2.0,2046.0,1.0,1.0,0,0,0,1,0,0,1
11196,0,1,1,0,-2.0,2046.0,1.0,1.0,0,0,0,1,0,0,1
11197,0,1,0,0,-2046.0,-2.0,1.0,1.0,0,0,0,1,0,0,1
11198,0,1,1,0,-2046.0,-2.0,1.0,1.0,0,0,0,1,0,0,1
11199,0,1,0,0,2.0,-2046.0,1.0,1.0,0,0,0,1,0,0,1
11200,1,1,1,0,2.0,-2046.0,1.0,1.0,0,0,0,1,0,0,1
11201,1,1,0,0,2046.0,2.0,1.0,1.0,1,0,0,1,0,0,1
11202,1,1,1,0,2046.0,2.0,1.0,1.0,1,0,0,1,0,0,1
11203,1,1,0,0,-2.0,2046.0,1.0,1.0,1,0,0,1,0,0,1
11204,1,1,1,0,-2.0,2046.0,1.0,1.0,1,0,0,1,0,0,1
11205,1,1,0,0,-2046.0,-2.0,1.0,1.0,1,0,0,1,0,0,1
11206,1,1,1,0,-2046.0,-2.0,1.0,1.0,1,0,0,1,0,0,1
11207,1,1,0,0,2.0,-2046.0,1.0,1.0,1,0,0,1,0,0,1
11208,1,1,1,0,2.0,-2046.0,1.0,1.0,1,0,0,1,0,0,1
11209,1,1,0,0,2046.0,2.0,1.0,1.0,1,0,0,1,0,0,1
11210,1,1,1,0,2046.0,2.0,1.0,1.0,1,0,0,1,0,0,1
11211,1,1,0,0,-2.0,2046.0,1.0,1.0,1,0,0,1,0,0,1
11212,1,1,1,0,-2.0,2046.0,1.0,1.0,1,0,0,1,0,0,1
11213,1,1,0,0,-2046.0,-2.0,1.0,1.0,1,0,0,1,0,0,1
11214,1,1,1,0,-2046.0,-2.0,1.0,1.0,1,0,0,1,0,0,1
11215,1,1,0,0,2.0,-2046.0,1.0,1.0,1,0,0,1,0,0,1
11216,0,1,1,0,2.0,-2046.0,1.0,1.0,1,0,0,1,0,0,1
11217,0,1,0,0,2046.0,2.0,1.0,1.0,1,0,0,1,0,0,1
11218,0,1,1,0,2046.0,2.0,1.0,1.0,1,0,0,1,0,0,1
11219,0,1,0,0,-2046.0,-2.0,3.0,1.0,1,0,1,1,0,1,0
11220,0,1,1,0,-2046.0,-2.0,3.0,1.0,1,0,1,1,0,1,0
11221,0,1,0,0,2.0,-2046.0,3.0,1.0,1,0,1,1,0,1,0
11222,0,1,1,0,2.0,-2046.0,3.0,1.0,1,0,1,1,0,1,0
11223,0,1,0,0,2046.0,2.0,3.0,1.0,1,0,1,1,0,1,0
11224,0,1,1,0,2046.0,2.0,3.0,1.0,1,0,1,1,0,1,0
11225,0,1,0,0,-2.0,2046.0,3.0,1.0,1,0,1,1,0,1,0
11226,0,1,1,0,-2.0,2046.0,3.0,1.0,1,0,1,1,0,1,0
11227,0,1,0,0,-2046.0,-2.0,3.0,1.0,1,0,1,1,0,1,0
11228,0,1,1,0,-2046.0,-2.0,3.0,1.0,1,0,1,1,0,1,0
11229,0,1,0,0,2.0,-2046.0,3.0,1.0,1,0,1,1,0,1,0
11230,0,1,1,0,2.0,-2046.0,3.0,1.0,1,0,1,1,0,1,0
11231,0,1,0,0,2046.0,2.0,3.0,1.0,1,0,1,1,0,1,0
11232,1,1,1,0,2046.0,2.0,3.0,1.0,1,0,1,1,0,1,0
11233,1,1,0,0,-2.0,2046.0,3.0,1.0,1,1,1,1,0,1,0
11234,1,1,1,0,-2.0,2046.0,3.0,1.0,1,1,1,1,0,1,0
11235,1,1,0,0,-2046.0,-2.0,3.0,1.0,1,1,1,1,0,1,0
11236,1,1,1,0,-2046.0,-2.0,3.0,1.0,1,1,1,1,0,1,0
11237,1,1,0,0,2.0,-2046.0,3.0,1.0,1,1,1,1,0,1,0
11238,1,1,1,0,2.0,-2046.0,3.0,1.0,1,1,1,1,0,1,0
11239,1,1,0,0,2046.0,2.0,3.0,1.0,1,1,1,1,0,1,0
11240,1,1,1,0,2046.0,2.0,3.0,1.0,1,1,1,1,0,1,0
11241,1,1,0,0,-2.0,2046.0,3.0,1.0,1,1,1,1,0,1,0
11242,1,1,1,0,-2.0,2046.0,3.0,1.0,1,1,1,1,0,1,0
11243,1,1,0,0,-2046.0,-2.0,3.0,1.0,1,1,1,1,0,1,0
11244,1,1,1,0,-2046.0,-2.0,3.0,1.0,1,1,1,1,0,1,0
11245,1,1,0,0,2.0,-2046.0,3.0,1.0,1,1,1,1,0,1,0
11246,1,1,1,0,2.0,-2046.0,3.0,1.0,1,1,1,1,0,1,0
11247,1,1,0,0,2046.0,2.0,3.0,1.0,1,1,1,1,0,1,0
11248,0,1,1,0,2046.0,2.0,3.0,1.0,1,1,1,1,0,1,0
11249,0,1,0,0,-2.0,2046.0,3.0,1.0,1,1,1,1,0,1,0
11250,0,1,1,0,-2.0,2046.0,3.0,1.0,1,1,1,1,0,1,0
11251,0,1,0,0,-2.0,2046.0,1.0,1.0,1,1,0,1,0,0,1
11252,0,1,1,0,-2.0,2046.0,1.0,1.0,1,1,0,1,0,0,1
11253,0,1,0,0,-2046.0,-2.0,1.0,1.0,1,1,0,1,0,0,1
11254,0,1,1,0,-2046.0,-2.0,1.0,1.0,1,1,0,1,0,0,1
11255,0,1,0,0,2.0,-2046.0,1.0,1.0,1,1,0,1,0,0,1
11256,0,1,1,0,2.0,-2046.0,1.0,1.0,1,1,0,1,0,0,1
11257,0,1,0,0,2046.0,2.0,1.0,1.0,1,1,0,1,0,0,1
11258,0,1,1,0,2046.0,2.0,1.0,1.0,1,1,0,1,0,0,1
11259,0,1,0,0,-2.0,2046.0,1.0,1.0,1,1,0,1,0,0,1
11260,0,1,1,0,-2.0,2046.0,1.0,1.0,1,1,0,1,0,0,1
11261,0,1,0,0,-2046.0,-2.0,1.0,1.0,1,1,0,1,0,0,1
11262,0,1,1,0,-2046.0,-2.0,1.0,1.0,1,1,0,1,0,0,1
11263,0,1,0,0,2.0,-2046.0,1.0,1.0,1,1,0,1,0,0,1
11264,1,1,1,0,2.0,-2046.0,1.0,1.0,1,1,0,1,0,0,1
11265,1,1,0,0,2046.0,2.0,1.0,1.0,0,1,0,1,0,0,1
11266,1,1,1,0,2046.0,2.0,1.0,1.0,0,1,0,1,0,0,1
11267,1,1,0,0,-2.0,2046.0,1.0,1.0,0,1,0,1,0,0,1
11268,1,1,1,0,-2.0,2046.0,1.0,1.0,0,1,0,1,0,0,1
11269,1,1,0,0,-2046.0,-2.0,1.0,1.0,0,1,0,1,0,0,1
11270,1,1,1,0,-2046.0,-2.0,1.0,1.0,0,1,0,1,0,0,1
11271,1,1,0,0,2.0,-2046.0,1.0,1.0,0,1,0,1,0,0,1
11272,1,1,1,0,2.0,-2046.0,1.0,1.0,0,1,0,1,0,0,1
11273,1,1,0,0,2046.0,2.0,1.0,1.0,0,1,0,1,0,0,1
11274,1,1,1,0,2046.0,2.0,1.0,1.0,0,1,0,1,0,0,1
11275,1,1,0,0,-2.0,2046.0,1.0,1.0,0,1,0,1,0,0,1
11276,1,1,1,0,-2.0,2046.0,1.0,1.0,0,1,0,1,0,0,1
11277,1,1,0,0,-2046.0,-2.0,1.0,1.0,0,1,0,1,0,0,1
11278,1,1,1,0,-2046.0,-2.0,1.0,1.0,0,1,0,1,0,0,1
11279,1,1,0,0,2.0,-2046.0,1.0,1.0,0,1,0,1,0,0,1
11280,0,1,1,0,2.0,-2046.0,1.0,1.0,0,1,0,1,0,0,1
11281,0,1,0,0,2046.0,2.0,1.0,1.0,0,1,0,1,0,0,1
11282,0,1,1,0,2046.0,2.0,1.0,1.0,0,1,0,1,0,0,1
11283,0,1,0,0,2.0,-2046.0,2.0,1.0,0,1,1,0,0,1,0
11284,0,1,1,0,2.0,-2046.0,2.0,1.0,0,1,1,0,0,1,0
11285,0,1,0,0,2046.0,2.0,2.0,1.0,0,1,1,0,0,1,0
11286,0,1,1,0,2046.0,2.0,2.0,1.0,0,1,1,0,0,1,0
11287,0,1,0,0,-2.0,2046.0,2.0,1.0,0,1,1,0,0,1,0
11288,0,1,1,0,-2.0,2046.0,2.0,1.0,0,1,1,0,0,1,0
11289,0,1,0,0,-2046.0,-2.0,2.0,1.0,0,1,1,0,0,1,0
11290,0,1,1,0,-2046.0,-2.0,2.0,1.0,0,1,1,0,0,1,0
11291,0,1,0,0,2.0,-2046.0,2.0,1.0,0,1,1,0,0,1,0
11292,0,1,1,0,2.0,-2046.0,2.0,1.0,0,1,1,0,0,1,0
11293,0,1,0,0,2046.0,2.0,2.0,1.0,0,1,1,0,0,1,0
11294,0,1,1,0,2046.0,2.0,2.0,1.0,0,1,1,0,0,1,0
11295,0,1,0,0,-2.0,2046.0,2.0,1.0,0,1,1,0,0,1,0
11296,1,1,1,0,-2.0,2046.0,2.0,1.0,0,1,1,0,0,1,0
11297,1,1,0,0,-2046.0,-2.0,2.0,1.0,0,0,1,0,0,1,0
11298,1,1,1,0,-2046.0,-2.0,2.0,1.0,0,0,1,0,0,1,0
11299,1,1,0,0,2.0,-2046.0,2.0,1.0,0,0,1,0,0,1,0
11300,1,1,1,0,2.0,-2046.0,2.0,1.0,0,0,1,0,0,1,0
11301,1,1,0,0,2046.0,2.0,2.0,1.0,0,0,1,0,0,1,0
11302,1,1,1,0,2046.0,2.0,2.0,1.0,0,0,1,0,0,1,0
11303,1,1,0,0,-2.0,2046.0,2.0,1.0,0,0,1,0,0,1,0
11304,1,1,1,0,-2.0,2046.0,2.0,1.0,0,0,1,0,0,1,0
11305,1,1,0,0,-2046.0,-2.0,2.0,1.0,0,0,1,0,0,1,0
11306,1,1,1,0,-2046.0,-2.0,2.0,1.0,0,0,1,0,0,1,0
11307,1,1,0,0,2.0,-2046.0,2.0,1.0,0,0,1,0,0,1,0
11308,1,1,1,0,2.0,-2046.0,2.0,1.0,0,0,1,0,0,1,0
11309,1,1,0,0,2046.0,2.0,2.0,1.0,0,0,1,0,0,1,0
11310,1,1,1,0,2046.0,2.0,2.0,1.0,0,0,1,0,0,1,0
11311,1,1,0,0,-2.0,2046.0,2.0,1.0,0,0,1,0,0,1,0
